step,lr,loss,sisnr_db,mrstft_mag,mrstft_sc,ri,mel,event_ce,evwin_sisnr_db,gain_hinge,event_acc,event_recall,sec_per_step,val_sisnr,val_sisnri,val_stoi
50,2.5500000000000003e-05,7.247394914627075,-36.490286102294924,0.2727783188223839,0.8062950646877289,0.3816645646095276,4.704858899116516,1.1213230037689208,-37.04375514984131,0.32224099695682523,0.14987750712782144,0.9967754828929901,0.7365051698684693,,,
100,5.05e-05,7.312700452804566,-36.99603580474854,0.2726694616675377,0.8104750669002533,0.3755796331167221,4.741916608810425,1.096405928134918,-37.4060831451416,0.3558130931854248,0.365676266849041,0.5642718817293644,0.37821550846099855,,,
150,7.549999999999999e-05,6.981315679550171,-35.17903190612793,0.2556758812069893,0.7605949711799621,0.3598287832736969,4.519349355697631,1.0592084348201751,-36.53968379974365,0.4273974609375,0.6775612783432007,0.001113793682307005,0.3774460983276367,,,
200,0.0001005,6.551111135482788,-33.12491477966309,0.23152044147253037,0.684818058013916,0.33070946514606475,4.170391473770142,1.029560753107071,-35.010642471313474,0.5960450154542923,0.6696900302171707,0.0,0.37960386753082276,,,
250,0.0001255,5.740235090255737,-27.93469394683838,0.20703771978616714,0.6179766798019409,0.29699258983135224,3.7608041906356813,1.0202091538906097,-31.26616973876953,0.7288946425914764,0.6730737793445587,0.0,0.37999269008636477,,,
300,0.0001505,4.195020232200623,-16.34100149154663,0.19979102283716202,0.593734610080719,0.2974899780750275,3.6190556573867796,1.0072393083572388,-20.613433113098143,0.6752281546592712,0.6704162812232971,0.027684909745585174,0.3806935930252075,,,
350,0.0001755,3.0434984445571898,-8.303318109512329,0.19007477194070815,0.5648974418640137,0.2886453181505203,3.4220874452590944,0.9770859682559967,-12.070870294570923,0.6386274981498719,0.6477062797546387,0.2771123258769512,0.3809042453765869,,,
400,0.00020050000000000002,2.597375373840332,-5.088803548812866,0.1863124343752861,0.5538259690999985,0.28224823892116546,3.3569465684890747,0.9397671115398407,-9.335092611312866,0.6061972630023956,0.671200031042099,0.36884584456682207,0.3799841594696045,,,
450,0.0002255,2.328255259990692,-3.419884343147278,0.18374379605054855,0.5489125943183899,0.27580406963825227,3.334329128265381,0.9444963788986206,-6.3672206854820255,0.5927565729618073,0.6420275288820266,0.4349917250871658,0.3789491510391235,,,
500,0.0002505,2.20630708694458,-2.2149372041225432,0.18229559928178787,0.5415098577737808,0.27196170926094054,3.3018347024917603,0.9334472322463989,-7.014133584499359,0.5718850350379944,0.6496150290966034,0.4727602979540825,0.3810687732696533,,,
550,0.00027550000000000003,2.001418228149414,-1.085568937882781,0.17798173516988755,0.5303908258676528,0.26688114255666734,3.2304405879974367,0.8989797258377075,-5.366039571762085,0.5532232862710953,0.6767062795162201,0.4475330749154091,0.38010486125946047,,,
600,0.0003005,1.8457882237434386,-0.3088725420832634,0.17227181404829026,0.5181398099660873,0.26170030623674395,3.1369208192825315,0.8911448895931244,-4.1353764247894285,0.5438058882951736,0.6788937854766846,0.4795486456155777,0.3788411903381348,,,
650,0.0003255,1.7296629810333253,0.5463332235813141,0.1701803594827652,0.510177800655365,0.257931447327137,3.0920432424545288,0.9136974143981934,-3.59160973623395,0.5258507347106933,0.6644700336456298,0.513022267818451,0.3836967945098877,,,
700,0.0003505,1.686822566986084,0.8914811287820339,0.17046459794044494,0.5074192595481872,0.2583236256241798,3.060353102684021,0.904202264547348,-3.6825529134273527,0.5356364172697067,0.6607550317049027,0.4674605253338814,0.3813634490966797,,,
750,0.0003755,1.542826325893402,1.5763101649284363,0.16424219250679017,0.4914708697795868,0.2542344984412193,2.9369284963607787,0.8840304446220398,-3.0290915343165397,0.500126456618309,0.6709525287151337,0.5424822032451629,0.3866353368759155,,,
800,0.00040050000000000003,1.432662377357483,2.0881499272584914,0.16053667932748794,0.48032604038715365,0.2528377103805542,2.86878613948822,0.8684330344200134,-2.2320343434624372,0.47030308067798615,0.6802212822437287,0.5291319534182548,0.3815920066833496,,,
850,0.0004255,1.474331978559494,2.1636857372522353,0.16155337125062944,0.481577000617981,0.2528069749474525,2.8811874532699586,0.8918377590179444,-3.478017124356702,0.47197466254234316,0.656350028514862,0.5343519714474678,0.37974709510803223,,,
900,0.0004505,1.4098808789253234,2.271687121987343,0.15781572967767715,0.47612677931785585,0.2480362269282341,2.8070396995544433,0.8804326820373535,-2.6428750052303074,0.4774439740180969,0.6678425288200378,0.5272580134868622,0.38087366104125975,,,
950,0.0004755,1.3256993532180785,2.561454840898514,0.15638297975063323,0.47451826512813566,0.24408167153596877,2.7854361438751223,0.8648961520195008,-1.2513387963920832,0.4724562782049179,0.6735312783718109,0.5794350230693817,0.3831732606887817,,,
1000,0.0005,1.187113081216812,3.2041666305065153,0.15182294994592666,0.45305098056793214,0.24461599081754684,2.66914755821228,0.8431683659553528,-0.6908397470414639,0.4353154319524765,0.6821562838554383,0.5793898433446885,0.3824161911010742,,,
1050,0.0004999964059941047,1.2381565594673156,3.098275306224823,0.15272691667079927,0.45850994288921354,0.24481051206588744,2.699610557556152,0.8412661194801331,-1.6313878190517426,0.44120969653129577,0.686036285161972,0.5951248964667321,0.39167702198028564,,,
1100,0.0004999856240818627,1.1825824058055878,3.297878975868225,0.1501991406083107,0.4537436097860336,0.24060734301805498,2.650693597793579,0.8471669292449951,-1.0009779173135758,0.43854383707046507,0.6844525301456451,0.6038602811098098,0.39331490993499757,,,
1150,0.0004999676545796027,1.0988292872905732,3.7022543931007386,0.14799032241106033,0.4454165637493134,0.23892249137163163,2.592551980018616,0.8283445632457733,-0.5294584953784942,0.4214713329076767,0.6935987806320191,0.5987472540140152,0.396317629814148,,,
1200,0.0004999424980145287,1.106140695810318,3.5234081244468687,0.14768023878335954,0.44853282034397124,0.2384323874115944,2.598375053405762,0.8341720521450042,0.008663291968405247,0.42143949210643766,0.6823825323581696,0.6286445152759552,0.609318552017212,,,
1250,0.0004999101551247045,1.0666410219669342,3.711787266731262,0.1473236420750618,0.44169499099254605,0.24007842153310777,2.574888620376587,0.8321675705909729,0.29137156650424,0.41781440138816833,0.6902025353908539,0.6391070055961608,0.9671945762634278,,,
1300,0.0004998706268590329,1.0637045562267304,3.712887210845947,0.14734849840402603,0.4431214904785156,0.23778645992279052,2.5847623538970947,0.8042369115352631,0.18213221848011016,0.40855490922927856,0.6954437804222107,0.6733120632171631,0.9675812721252441,,,
1350,0.0004998239143772264,0.9691830778121948,4.143083724975586,0.14308189004659652,0.42937418282032014,0.23523473590612412,2.477181649208069,0.7480046832561493,-0.03587709352374077,0.39101803958415987,0.7354637813568116,0.6564207988977432,0.9659446859359742,,,
1400,0.0004997700190497743,0.9677245688438415,4.292337558269501,0.14152292519807816,0.43007166385650636,0.23250652164220809,2.464453444480896,0.7558124339580536,-0.5632757312059402,0.38158159613609316,0.7306237828731537,0.6693188536167145,0.9496150684356689,,,
1450,0.0004997089424579022,0.911224907040596,4.368767223358154,0.13969140350818635,0.42121166586875913,0.234038128554821,2.4246499967575073,0.7713140535354615,0.6059562849998474,0.37683164298534394,0.7331437838077545,0.6402199822664261,0.9284394264221192,,,
1500,0.0004996406863935253,0.9848884135484696,4.089789214134217,0.14221108317375183,0.4336606866121292,0.23181798338890075,2.465313777923584,0.767304140329361,-0.19104914993047714,0.3892937070131302,0.7307612907886505,0.6253211176395417,0.3901609134674072,,,
1550,0.0004995652528591965,0.8686100280284882,4.62446656703949,0.13993010222911834,0.42067560374736784,0.2312448325753212,2.4098319578170777,0.748089873790741,0.7891573592275382,0.36717764139175413,0.7270437824726105,0.7013309144973755,0.3918134689331055,,,
1600,0.0004994826440680467,0.8836929190158844,4.617138409614563,0.13847645953297616,0.41902790784835814,0.2300470092892647,2.372028088569641,0.7539018738269806,0.010468671321868897,0.3725232911109924,0.7355762815475464,0.6667470759153367,0.38306786060333253,,,
1650,0.0004993928624437208,0.8570108956098557,4.674640083312989,0.1371087197959423,0.4145812785625458,0.22936735600233077,2.375627760887146,0.7463769543170929,0.4297303648293018,0.3565593236684799,0.7393325328826904,0.6764085990190506,0.38199734687805176,,,
1700,0.0004992959106203059,0.8474898797273636,4.639252634048462,0.136338901668787,0.41796851277351377,0.2251684433221817,2.3646852779388428,0.7417203390598297,0.8213803877495229,0.37490903317928315,0.7396100354194641,0.6626542747020722,0.37920380115509034,,,
1750,0.0004991917914422546,0.7225026351213455,5.389219665527344,0.13248734474182128,0.4052949458360672,0.223940689265728,2.2863860607147215,0.7235524117946625,1.154591542482376,0.3350981768965721,0.7456000339984894,0.6782335025072098,0.37883868217468264,,,
1800,0.000499080507964301,0.8200740760564804,5.017525053024292,0.135556982755661,0.4108358520269394,0.2263164508342743,2.3253356075286864,0.7226579159498214,-0.2810405787266791,0.3448619571328163,0.7514825356006622,0.6971749472618103,0.3788419246673584,,,
1850,0.0004989620634513716,0.808717713356018,5.08714159488678,0.13569121569395065,0.4113136261701584,0.2254588183760643,2.3278063702583314,0.739368370771408,0.03629761055111885,0.3301301321387291,0.7405012845993042,0.6917676514387131,0.3787968111038208,,,
1900,0.0004988364613784888,0.7391580548882485,5.25870644569397,0.13278119996190071,0.40451168656349185,0.2247500455379486,2.2855108880996706,0.7423612034320831,1.1891226744651795,0.3234785458445549,0.7389400362968445,0.6600854051113129,0.3788998746871948,,,
1950,0.0004987037054306699,0.7072720831632614,5.306101531982422,0.13281453222036363,0.40515157401561736,0.22251218140125276,2.275706717967987,0.7253725981712341,1.8804881539940834,0.3364798179268837,0.7461725354194642,0.7103794914484024,0.3793217134475708,,,
2000,0.0004985637995028182,0.7260269957780838,5.467105040550232,0.13091506958007812,0.3968647408485413,0.22191855281591416,2.224508452415466,0.7357272064685821,0.1051628464460373,0.3183428490161896,0.7395062839984894,0.6706721889972687,0.3787024736404419,6.835811513645846,9.989778406660966,0.7497775171800235
2050,0.0004984167476996088,0.7133591812849045,5.380955467224121,0.13201133757829667,0.3990009033679962,0.22264842301607132,2.2409655356407168,0.7268720734119415,0.9644586409628392,0.32653968811035156,0.7490400290489196,0.6961865228414535,0.5698123788833618,,,
2100,0.0004982625543353689,0.7393789288401603,5.328151154518127,0.13249580755829812,0.4014422017335892,0.22207399636507033,2.2627146220207215,0.7187139600515365,0.40695136988535524,0.31370522767305375,0.7513662886619568,0.670084074139595,0.38231215000152585,,,
2150,0.0004981012239339504,0.68963014960289,5.375025553703308,0.1317483229935169,0.3995662695169449,0.22289065182209014,2.238975977897644,0.7148921954631805,1.6208507059514523,0.30627169251441955,0.7529262840747833,0.7083686661720275,0.3854006290435791,,,
2200,0.0004979327612285975,0.5959285371005535,5.862837419509888,0.1284823815524578,0.3880677109956741,0.21990811616182326,2.172727491855621,0.6986363261938096,1.9788042771816254,0.2983497452735901,0.7589975368976593,0.6901783168315887,0.39084861278533933,,,
2250,0.0004977571711618076,0.6729443389177322,5.650387864112854,0.12952475488185883,0.3945731770992279,0.21954993963241576,2.1962655186653137,0.6991994732618332,0.5604838037490845,0.3164352998137474,0.7666312873363494,0.6983686417341233,0.3944868755340576,,,
2300,0.000497574458885187,0.6336512959003449,5.812024974822998,0.1289589150249958,0.39420065104961394,0.21799900263547897,2.197707459926605,0.7282351469993591,1.5585179382562637,0.3007603880763054,0.7531100368499756,0.7038455188274384,0.38607948303222656,,,
2350,0.0004973846297592985,0.657885645031929,5.5945342874526975,0.13010013580322266,0.39716932833194735,0.21932222783565522,2.222936887741089,0.7359283244609833,1.8746957851946353,0.3029587370157242,0.7383925330638885,0.6788740491867066,0.378228931427002,,,
2400,0.000497187689353506,0.6309142380952835,5.775159091949463,0.128552665412426,0.39280093848705294,0.2184736666083336,2.1745529198646545,0.6945919573307038,1.2356593634188175,0.3063209328055382,0.7640125334262848,0.7053991550207138,0.3779499101638794,,,
2450,0.0004969836434458088,0.6154670657217503,5.936377635002136,0.12877422764897348,0.39080836951732634,0.21811603158712387,2.1863312101364136,0.7084328401088714,1.3357698033750056,0.2872884479165077,0.7601300346851348,0.6937297785282135,0.3782038974761963,,,
2500,0.0004967724980226739,0.5832539895176887,6.037155303955078,0.12641940057277679,0.3854139256477356,0.2171448403596878,2.1389265871047973,0.6828099209070205,1.2361554646492003,0.28898210912942884,0.7728887856006622,0.7080708700418472,0.37829742431640623,,,
2550,0.0004965542592788597,0.6071270006895065,5.918683471679688,0.12728022217750548,0.3942999219894409,0.2135351064801216,2.1667520880699156,0.7152343779802323,1.6591484254598619,0.3041678127646446,0.7604787886142731,0.7033618050813675,0.3778406667709351,,,
2600,0.0004963289336172344,0.5399057152867317,6.129505805969238,0.12554025560617446,0.3818421399593353,0.2156268009543419,2.1063342595100405,0.6751239669322967,1.9052239680290222,0.2827707377076149,0.77270378947258,0.7063023793697357,0.37798051357269286,,,
2650,0.0004960965276485875,0.5303950327634811,6.068737568855286,0.1251933167874813,0.3824116837978363,0.21485213220119476,2.119346730709076,0.669534524679184,2.4618002116680144,0.2866488635540009,0.7810175359249115,0.6966993045806885,0.3781200647354126,,,
2700,0.0004958570481914369,0.5544024312496185,6.078948273658752,0.1261480765044689,0.38616805970668794,0.21433826833963393,2.125822944641113,0.6936388957500458,2.058616928011179,0.28363779723644256,0.756238785982132,0.7131310904026031,0.37807234287261965,,,
2750,0.0004956105022718282,0.5625342643260955,6.284013195037842,0.1250084860622883,0.38452981531620023,0.21210379987955094,2.0986661434173586,0.6969561403989792,0.8612005907297134,0.2956416293978691,0.7689125347137451,0.6952615886926651,0.3781957864761353,,,
2800,0.0004953568971231286,0.5302054814249277,6.16208366394043,0.12561097502708435,0.38490855157375337,0.2142067039012909,2.1116468715667724,0.6584449350833893,2.0980917462706565,0.2942439752817154,0.779138787984848,0.7148063284158707,0.3779451084136963,,,
2850,0.0004950962401858148,0.4856622889637947,6.4217138719558715,0.1226345093548298,0.3760242432355881,0.21305262058973312,2.0651562786102295,0.6777707803249359,2.161401093006134,0.27477341413497924,0.7708100342750549,0.7237377041578292,0.378468770980835,,,
2900,0.0004948285391072548,0.5212395563721657,6.356513414382935,0.12326195418834686,0.379189139008522,0.21199272751808165,2.0732528734207154,0.6868766516447067,1.4573477307707072,0.27697682470083235,0.763528790473938,0.7329521644115448,0.37819437026977537,,,
2950,0.0004945538017414832,0.49863645046949384,6.334331007003784,0.12344493716955185,0.3787949925661087,0.21297881335020066,2.079342725276947,0.6764330846071244,2.2171747264266015,0.27305497467517853,0.773520040512085,0.7089402550458908,0.3788917875289917,,,
3000,0.0004942720361489712,0.5047660127282143,6.398320922851562,0.12199814349412919,0.377476601600647,0.2091705644130707,2.061737141609192,0.6484613478183746,1.2630945229530335,0.2675837916135788,0.7809775412082672,0.7369971978664398,0.3781092071533203,,,
3050,0.0004939832505963899,0.5093694397807121,6.334797658920288,0.12347976684570312,0.3801929187774658,0.21066317856311798,2.062621388435364,0.6738652962446213,1.7473161363601684,0.27426353096961975,0.7805062901973724,0.7077200984954835,0.37835142612457273,,,
3100,0.0004936874535563676,0.4668675093352795,6.374645216464996,0.12138204008340836,0.374598428606987,0.21098037898540498,2.052397921085358,0.6957034814357758,2.903441600203514,0.2594012114405632,0.7604350364208221,0.7307825189828873,0.3782480621337891,,,
3150,0.0004933846537072414,0.5179717107117177,6.366444911956787,0.1213509951531887,0.3758513402938843,0.2091221523284912,2.0314446830749513,0.6468886041641235,0.6397513744235038,0.27028467804193496,0.7869387888908386,0.7265825521945953,0.3783437776565552,,,
3200,0.0004930748599328028,0.4987552058696747,6.329596238136292,0.12365954011678695,0.38009925484657286,0.21243651568889618,2.082795970439911,0.6648983812332153,2.158011907339096,0.258734427690506,0.779748786687851,0.7152923071384429,0.3836842918395996,,,
3250,0.0004927580813220368,0.4600510647892952,6.554003953933716,0.12194097340106964,0.3761353451013565,0.20923855006694794,2.0316503477096557,0.6333071541786194,1.840481184720993,0.2699156865477562,0.7930187821388245,0.6991903960704804,0.37840024471282957,,,
3300,0.000492434327168855,0.42594961166381834,6.635983743667603,0.12148184597492218,0.3742966282367706,0.20910587877035142,2.0374015974998474,0.6675797510147095,2.9956638744473456,0.2630685216188431,0.7755650389194488,0.716310732960701,0.37866868495941164,,,
3350,0.0004921036069718235,0.44193065151572225,6.683532609939575,0.12332524999976158,0.37913105309009554,0.20946533739566803,2.058220627307892,0.6282124930620193,2.273769888877869,0.26186468988656997,0.7915887904167175,0.7282787376642227,0.3781197214126587,,,
3400,0.0004917659304338838,0.4201773116365075,6.782694149017334,0.12223385035991668,0.37213497936725615,0.21078972280025482,2.0469457864761353,0.6349760043621063,2.3851842105388643,0.2502908194065094,0.7903200376033783,0.7334604632854461,0.37830065727233886,,,
3450,0.0004914213074620683,0.3924446327611804,6.817330770492553,0.11929755166172981,0.36948387801647187,0.20595969319343566,1.9910234594345093,0.6435367929935455,2.6869461804628374,0.2590204980969429,0.7865162885189056,0.731277585029602,0.38117452144622804,,,
3500,0.0004910697481672096,0.4053810750506818,6.7110318756103515,0.12090403378009797,0.37027189910411834,0.20942096114158631,2.023112804889679,0.6151797300577164,2.6593675003945827,0.26173178732395175,0.8068175399303437,0.7199911725521088,0.37806728839874265,,,
3550,0.0004907112628636438,0.4190226798504591,6.851190528869629,0.12062471523880959,0.3670897138118744,0.20971069604158402,2.023616313934326,0.6630534172058106,2.1120266884565355,0.2647121447324753,0.776201285123825,0.7128113460540771,0.37837490558624265,,,
3600,0.0004903458620689081,0.4441182819008827,6.706116542816162,0.12115474000573158,0.37002613484859465,0.20922992408275604,2.0142616391181947,0.6480614668130875,1.6323357838392258,0.24958765834569932,0.7835350370407105,0.7400788342952729,0.3778492879867554,,,
3650,0.000489973556503432,0.45645999658852815,6.664277629852295,0.12140176385641098,0.37381043612957,0.20647782266139983,2.002422981262207,0.6331209790706634,1.2824421480298043,0.2756915971636772,0.7929950368404388,0.739717076420784,0.37838547229766845,,,
3700,0.0004895943570902226,0.4675620673596859,6.66462007522583,0.12245249152183532,0.37957692801952364,0.20873916149139404,2.0567033672332764,0.6512328487634659,1.6729108500480652,0.25699399650096894,0.7819862878322601,0.7426981484889984,0.37827397346496583,,,
3750,0.0004892082749545449,0.3337590667419136,7.040158519744873,0.11844587117433548,0.36560830056667326,0.2051835450530052,1.9627441430091859,0.6097980803251266,3.207585647106171,0.2580999505519867,0.7999250340461731,0.740960094332695,0.3844623327255249,,,
3800,0.0004888153214235943,0.407702901661396,6.720429854393005,0.120334362834692,0.3696094995737076,0.20845434218645095,1.9906178498268128,0.649813135266304,2.607773426771164,0.24862842351198197,0.7791562855243683,0.7294783574342728,0.39269237518310546,,,
3850,0.0004884155080261653,0.3467917785048485,7.132060832977295,0.1187033261358738,0.365152490735054,0.20692077666521072,1.9774426221847534,0.6117589414119721,2.5595950261503457,0.23674901694059372,0.7934800434112549,0.7120750653743744,0.38939363956451417,,,
3900,0.00048800884649231267,0.4252404286712408,6.667991185188294,0.12120022043585778,0.37057776272296905,0.2088744604587555,2.027828485965729,0.6091713201999664,2.1046916109323504,0.2484576442837715,0.8066900408267975,0.7431463700532913,0.37904486179351804,,,
3950,0.0004875953487530073,0.35359363121911885,6.943400554656982,0.11817295715212822,0.3643263632059097,0.20663189888000488,1.9734321451187133,0.6133754968643188,2.923078192472458,0.2487613481283188,0.7919012856483459,0.7480428785085678,0.3785170841217041,,,
4000,0.0004871750269397866,0.38130645733326674,6.917353610992432,0.11981093227863311,0.3671204721927643,0.20842406243085862,1.9762166261672973,0.6275558441877365,2.395943250656128,0.2390281355381012,0.7944237864017487,0.7267731523513794,0.37873197555541993,8.407914518223455,11.561881411238573,0.7906243460903696
4050,0.00048674789338439803,0.41749284088611605,6.770539698600769,0.12003761917352676,0.3698422634601593,0.20746653646230698,1.9947411036491394,0.6199985039234162,1.8361189758777618,0.25125516444444657,0.798505038022995,0.7252892255783081,0.5256199169158936,,,
4100,0.00048631396061843765,0.382105789706111,7.011991481781006,0.11813598975539208,0.3654111450910568,0.20414740204811097,1.955285451412201,0.6203805667161941,1.7012857536971568,0.24761762112379074,0.7947637903690338,0.7286502629518509,0.3803628396987915,,,
4150,0.0004858732413729824,0.39467100841924546,6.9021255397796635,0.11939322099089622,0.37002565860748293,0.20534102618694305,1.9807305240631103,0.6334629768133163,2.162641001045704,0.25113205224275587,0.787928786277771,0.7301396268606186,0.38010483741760254,,,
4200,0.0004854257485782164,0.36196929186582566,6.877383146286011,0.11839526370167733,0.3660939961671829,0.20540989965200424,1.96792631149292,0.6361529558897019,3.104568209648132,0.24602548271417618,0.7895512902736663,0.7427281141281128,0.3836571836471558,,,
4250,0.0004849714953630519,0.26280905354768036,7.4493582057952885,0.11522800177335739,0.35631329476833346,0.2023085969686508,1.89721275806427,0.5870983195304871,3.051015487872064,0.2293883267045021,0.8008287870883941,0.7600895428657531,0.38339399337768554,,,
4300,0.0004845104950547438,0.3294968954101205,7.087484655380249,0.11714748069643974,0.36167373895645144,0.20499429285526274,1.9400801277160644,0.6187000477313995,2.9193858414888383,0.23762779861688613,0.7979087853431701,0.740341260433197,0.39222155570983885,,,
4350,0.00048404276117849893,0.2732859883829951,7.3378896808624265,0.1163022468984127,0.3598343926668167,0.20320964306592942,1.928778762817383,0.5776581925153732,3.3566910541057586,0.23245895236730577,0.8151250386238098,0.7422207087278366,0.38066902160644533,,,
4400,0.000483568307457079,0.3379634357616305,7.185510287284851,0.11668506696820259,0.3571959847211838,0.20605543196201326,1.9416865706443787,0.6210097479820251,2.168691385537386,0.2247457057237625,0.7930425417423248,0.7504905712604523,0.38595974922180176,,,
4450,0.00048308714781039797,0.28384186018258334,7.256288709640503,0.11547334551811218,0.3582371062040329,0.2026747876405716,1.916165430545807,0.6118018448352813,3.4507870173454283,0.23415613651275635,0.797367537021637,0.7431820559501648,0.38572704792022705,,,
4500,0.00048259929635511396,0.29830111933872105,7.308936738967896,0.1155084203183651,0.3550857299566269,0.20439163208007813,1.9067799854278564,0.6005192905664444,2.539037706255913,0.2388498616218567,0.803618791103363,0.7555320960283279,0.3883364200592041,,,
4550,0.00048210476740421463,0.25608388282358646,7.565266275405884,0.11487863719463348,0.3537548273801804,0.20265301078557968,1.8896867322921753,0.5845753079652787,2.714575175344944,0.22616908669471741,0.8138037860393524,0.7351565653085709,0.3881997537612915,,,
4600,0.0004816035754665978,0.27172291120514275,7.437945880889893,0.11606957137584686,0.35767551720142365,0.20316519886255263,1.9235216140747071,0.60027758538723,3.191090941429138,0.23535967439413072,0.787998788356781,0.7965821421146393,0.38646510124206546,,,
4650,0.00048109573524664527,0.29325636580586434,7.397955083847046,0.11505602419376373,0.35814938247203826,0.20033616632223128,1.9041508507728577,0.5950097858905792,2.4274906238913534,0.2647445386648178,0.8030412852764129,0.7383909493684768,0.388657431602478,,,
4700,0.0004805812616437917,0.2826444637030363,7.3740773773193355,0.1157689444720745,0.359658510684967,0.20156657218933105,1.9316503405570984,0.6096820366382599,3.2389456939697268,0.24176927909255028,0.7975250351428985,0.7686083281040191,0.38466272830963133,,,
4750,0.00048006016975208737,0.27865512104704976,7.328676996231079,0.11512496724724769,0.3588846361637115,0.20141284584999083,1.9060693168640137,0.6184456485509873,3.3791372422873973,0.234318325817585,0.7988437855243683,0.7322089564800263,0.38397017002105716,,,
4800,0.0004795324748597554,0.3578515238314867,7.2644398021698,0.1176665659248829,0.36276126503944395,0.20351343721151352,1.9447250294685363,0.6079158395528793,1.314746925830841,0.21872572526335715,0.8034212851524353,0.731577851176262,0.3802682113647461,,,
4850,0.00047899819244874315,0.28001747917383907,7.364411063194275,0.11637643471360207,0.35894374310970306,0.20289063423871995,1.9233291053771973,0.5585454076528549,2.7814318919181824,0.22969461143016814,0.8218475377559662,0.772845230102539,0.38356645584106447,,,
4900,0.0004784573381942681,0.2575788250565529,7.405799679756164,0.11624715030193329,0.35540361166000367,0.20412223547697067,1.914263002872467,0.5899598360061645,3.5457269048690794,0.2360521772503853,0.8064275395870208,0.7549720615148544,0.38105950355529783,,,
4950,0.0004779099279643578,0.2739063167385757,7.430894966125488,0.11597676202654839,0.3584639686346054,0.20150627732276916,1.9062347602844238,0.5654806530475617,2.6900598859786986,0.23827688992023469,0.8193687891960144,0.7697416341304779,0.3884827518463135,,,
5000,0.0004773559778193845,0.27296645380556583,7.438033065795898,0.11515832901000976,0.35750533878803253,0.20189424872398376,1.908082399368286,0.5955194264650345,2.9481286430358886,0.23418745249509812,0.7987825381755829,0.7609671080112457,0.398667049407959,,,
5050,0.00047679550401159366,0.2704735908098519,7.4871350765228275,0.11606273636221885,0.3574318218231201,0.2018084704875946,1.9017944979667663,0.5854087805747986,2.75945391535759,0.23904150635004043,0.8114437925815582,0.7641478097438812,0.3812342929840088,,,
5100,0.00047622852298462765,0.2628717958927155,7.3822751092910766,0.11473623663187027,0.3536702579259872,0.20225147128105164,1.8972556376457215,0.5672093999385833,2.9657755522429943,0.22753375202417372,0.8132712876796723,0.7727171683311462,0.38032725334167483,,,
5150,0.00047565505137304277,0.2705728844925761,7.470031528472901,0.114797173589468,0.3540273916721344,0.20234814643859864,1.89812757730484,0.5849533367156983,2.6153815484046934,0.22793907582759856,0.8011787927150726,0.7634994620084763,0.3791420078277588,,,
5200,0.0004750751060018214,0.24940029114484788,7.544247627258301,0.11447744607925416,0.354965882897377,0.2008458837866783,1.8863293576240538,0.5831327050924301,2.9947490179538727,0.23529493421316147,0.8040250372886658,0.7524100065231323,0.38254196643829347,,,
5250,0.0004744887038858786,0.22753639852628113,7.747624530792236,0.11501234382390976,0.3537265777587891,0.20135393112897873,1.8971768736839294,0.5728943610191345,2.9733855479955675,0.22103265792131424,0.8106075358390809,0.7752102732658386,0.38378302097320555,,,
5300,0.00047389586222956254,0.25867935397662223,7.467824287414551,0.11441257894039154,0.35873906552791596,0.19884471833705902,1.8867724347114563,0.5850704187154769,3.0547752994298936,0.22848736733198166,0.8115737915039063,0.7700357031822205,0.384414005279541,,,
5350,0.0004732965984261501,0.24773020105436444,7.570680112838745,0.11538163006305695,0.3502700501680374,0.20412791013717652,1.894336850643158,0.5889311248064041,2.9416032528877256,0.21219113796949388,0.8004425394535065,0.7577198505401611,0.3932561492919922,,,
5400,0.0004726909300573364,0.21181914500892163,7.62816596031189,0.11355929017066956,0.35107957780361176,0.19978989362716676,1.8565483975410462,0.5626359874010086,3.358729039430618,0.2144261594116688,0.822953783273697,0.7764436614513397,0.3846217966079712,,,
5450,0.00047207887489271867,0.21861476181074976,7.845225067138672,0.11228594228625298,0.34728492438793185,0.1988133379817009,1.8354608941078185,0.5786504018306732,2.2700193405151365,0.22671361535787582,0.8161625373363495,0.7631353622674942,0.3824899959564209,,,
5500,0.0004714604508892756,0.19214995888993144,7.703166508674622,0.11160414785146713,0.3461774426698685,0.19845692604780196,1.850723509788513,0.5652346509695053,3.5110070943832397,0.21526110514998437,0.8214725363254547,0.7664177775382995,0.3780126142501831,,,
5550,0.00047083567619083993,0.22620802646502852,7.5989820098876955,0.11406623810529709,0.3536306494474411,0.2002210310101509,1.8797287154197693,0.56257248878479,3.250460114479065,0.2227868002653122,0.8137925398349762,0.7831854975223541,0.37877012729644777,,,
5600,0.00047020456912756636,0.2206305897794664,7.634936761856079,0.1133809395134449,0.34745636403560637,0.2014971587061882,1.866762182712555,0.5920960783958436,3.315431135892868,0.2263897767663002,0.8027825391292572,0.7745511376857758,0.37808258056640626,,,
5650,0.00046956714821539373,0.21576621532440185,7.629467601776123,0.11369717866182327,0.35403327822685243,0.19952127039432527,1.8824717211723327,0.5886028754711151,3.766060770750046,0.2206550993025303,0.8041375386714935,0.7734695017337799,0.37791613101959226,,,
5700,0.0004689234321555016,0.17188983023166657,7.75275128364563,0.11142226174473763,0.34615976810455323,0.19879110395908356,1.8367726802825928,0.5476199686527252,3.748425721973181,0.21515689969062804,0.8239262890815735,0.7908815944194794,0.3779731035232544,,,
5750,0.0004682734398337622,0.19459539100527765,7.743182954788208,0.11264575839042663,0.34687497317790983,0.19891143202781678,1.8370025110244752,0.5546564763784408,3.1865819001197817,0.2303908136487007,0.8193375396728516,0.777725778222084,0.3778995895385742,,,
5800,0.0004676171903201853,0.14215702157467602,8.036716794967651,0.11185788109898567,0.34635999977588655,0.19653137415647506,1.8140857601165772,0.547534504532814,3.673571388721466,0.23562081128358842,0.8249337863922119,0.767580668926239,0.3781518793106079,,,
5850,0.00046695470286836,0.200783855849877,7.763371429443359,0.11224575206637383,0.3475486880540848,0.20017803728580474,1.8505199337005616,0.5720099663734436,3.1620376396179197,0.2085459679365158,0.8156975340843201,0.7724591410160064,0.3778646421432495,,,
5900,0.0004662859969148885,0.24158687023445963,7.5485952281951905,0.1127726012468338,0.35419552683830263,0.19688335418701172,1.8466978502273559,0.5797337543964386,2.8237430832535027,0.23731703609228133,0.8126600408554077,0.7654272735118866,0.3780978727340698,,,
5950,0.00046561109207881695,0.12882588014006616,8.18801971435547,0.11156612500548363,0.34453177273273466,0.19845104843378067,1.8305195903778075,0.5506004059314727,3.659448500275612,0.20988111227750778,0.8297700405120849,0.7535378098487854,0.37851900577545167,,,
6000,0.00046493000816105935,0.2736102339997888,7.336069784164429,0.11401586055755615,0.35488963544368746,0.20097282767295838,1.8832330584526062,0.6023647511005401,3.03334362924099,0.2332826378941536,0.7941812872886658,0.7639359712600708,0.37873316287994385,9.08629305443416,12.240259947449278,0.8056420820899545
6050,0.00046424276514381665,0.19838740459643303,7.838181314468383,0.11339319869875908,0.3498480224609375,0.19951490730047225,1.8562554621696472,0.5540835326910019,2.9658908468484877,0.21220846295356752,0.818332542181015,0.7804527580738068,0.5327371978759765,,,
6100,0.0004635493831899904,0.18787291483953594,7.691604032516479,0.11388308599591256,0.35435411691665647,0.19928227305412294,1.8660627317428589,0.5586030119657517,4.095991714000702,0.22195470929145814,0.8234787905216217,0.7757547640800476,0.38085327625274656,,,
6150,0.00046284988264259154,0.1917290535569191,7.739931421279907,0.11343516781926155,0.35245064258575437,0.19946223467588425,1.8593277215957642,0.5641502115130425,3.7367883920669556,0.21981517791748048,0.8092125391960144,0.787264142036438,0.381939115524292,,,
6200,0.00046214428402414334,0.16783805951476097,7.857715721130371,0.11247673064470291,0.3458563601970673,0.20002641022205353,1.8428459644317627,0.5660016965866089,3.7933387306332587,0.21398150384426118,0.8194625365734101,0.7574447119235992,0.38245840072631837,,,
6250,0.000461432608036079,0.19886109734885393,7.685786733627319,0.11266609653830528,0.34816029310226443,0.2013527423143387,1.8513715744018555,0.5823833447694778,3.6434760838747025,0.2104504480957985,0.808161289691925,0.7547751647233963,0.3870986461639404,,,
6300,0.0004607148755581351,0.173898210125044,7.761259832382202,0.11266588166356087,0.34817273437976837,0.19970249354839326,1.847899489402771,0.5573903542757034,3.9385876071453096,0.2127089661359787,0.817805038690567,0.7910614287853241,0.3941566801071167,,,
6350,0.000459991107647738,0.1413351225666702,8.001594152450561,0.11136704012751579,0.34569984674453735,0.19769125372171403,1.8234684181213379,0.5719813895225525,4.05557485640049,0.20998836278915406,0.8099762845039368,0.7903753626346588,0.385031418800354,,,
6400,0.00045926132553938693,0.1813306492008269,7.864921998977661,0.11302511602640151,0.3497673958539963,0.19985679298639297,1.861506426334381,0.5365963733196258,3.2942346835136416,0.2124030001461506,0.8339312934875488,0.7759956181049347,0.3866069984436035,,,
6450,0.0004585255506440303,0.20402678122743964,7.82708969116211,0.11269460871815681,0.34896418154239656,0.19961289882659913,1.8588257431983948,0.5530461132526397,2.7810722297430037,0.2189255976676941,0.8240275406837463,0.7728625023365021,0.3857081413269043,,,
6500,0.00045778380454843825,0.12860616141930223,8.067763795852661,0.11176829487085342,0.3459316086769104,0.1969856682419777,1.83567884683609,0.5028750455379486,3.6593094766139984,0.2073587404191494,0.8403212881088257,0.8121520674228668,0.38394163608551024,,,
6550,0.00045703610901456833,0.12314840514212846,8.211932163238526,0.1099841758608818,0.34194142639636993,0.196097691655159,1.798114573955536,0.5829484856128693,3.7266087675094606,0.21755016565322877,0.8140787923336029,0.7643993449211121,0.3830622816085815,,,
6600,0.00045628248597892824,0.1854992152750492,7.58575475692749,0.1110352635383606,0.34716672122478487,0.1972230789065361,1.8128503799438476,0.5457054966688156,3.673839847203344,0.2127850431203842,0.8243675422668457,0.7924764764308929,0.3693287038803101,,,
6650,0.0004555229575519311,0.19534621488302947,7.705988368988037,0.11193740338087083,0.3478836768865585,0.19839231044054031,1.8316951489448547,0.5656407588720321,3.3488485600054263,0.22080962911248206,0.816091285943985,0.7566307008266449,0.36878443241119385,,,
6700,0.00045475754601724766,0.1565820904262364,8.006983318328857,0.1101478610932827,0.3425628131628036,0.19660061538219453,1.7974743700027467,0.5578783446550369,3.045599164813757,0.2019832593202591,0.8132075357437134,0.7862713885307312,0.3735005712509155,,,
6750,0.00045398627383115174,0.19681922279298306,7.735789136886597,0.11269327878952026,0.35013507068157196,0.19914472877979278,1.8460934710502626,0.590688943862915,3.6615418827533723,0.22494492828845977,0.8043100380897522,0.7680887514352799,0.36958148002624513,,,
6800,0.00045320916362186214,0.1604338770546019,7.996934070587158,0.11096460923552513,0.34492491483688353,0.19712100476026534,1.81792151927948,0.5648975855112076,3.284195383489132,0.21147470355033873,0.8124875378608704,0.7892947399616241,0.3690678310394287,,,
6850,0.00045242623818887815,0.16518219485878943,7.8150359058380126,0.1118424767255783,0.34467691004276274,0.1994655078649521,1.8263767600059508,0.5477694338560104,3.673886573314667,0.2187432599067688,0.8232987916469574,0.7831387054920197,0.36870392322540285,,,
6900,0.0004516375205023111,0.15102000087499617,7.852297677993774,0.11153612196445466,0.34300468266010287,0.19925027966499329,1.819699993133545,0.5392939621210098,3.825782046318054,0.21958307921886444,0.8328500366210938,0.7773605525493622,0.37719985485076907,,,
6950,0.00045084303370220984,0.08110324384644628,8.306211652755737,0.10870007947087287,0.3367678779363632,0.19449786633253097,1.7636685609817504,0.5431120604276657,3.9507732766866686,0.21525928556919097,0.8227625381946564,0.7801649963855743,0.37423651695251464,,,
7000,0.00045004280109788274,0.13881643161177634,7.867248992919922,0.11040730237960815,0.3426860952377319,0.19883498877286912,1.8189753699302673,0.5623963677883148,4.331262955591082,0.20442677140235901,0.8137087905406952,0.7794737935066223,0.37432528018951416,,,
7050,0.0004492368461672129,0.09232883766293526,8.339757537841797,0.1092998106777668,0.3402518707513809,0.19428072541952132,1.7715700840950013,0.5302251732349396,3.5200358498096467,0.21376400098204612,0.8229600381851196,0.770583050251007,0.37380441665649417,,,
7100,0.00044842519255596994,0.16492194341495633,7.829188270568848,0.11151746645569802,0.34701833069324495,0.1969945877790451,1.817736873626709,0.5747128117084503,3.8916882199048994,0.21992047429084777,0.8151050412654877,0.7794238924980164,0.3725404977798462,,,
7150,0.000447607864077116,0.15563763437792658,7.988241815567017,0.11043033137917518,0.3432160097360611,0.1953600287437439,1.8035795378684998,0.5469340455532073,3.108160432577133,0.21312314599752427,0.8243537878990174,0.7778836488723755,0.37348554134368894,,,
7200,0.00044678488471010713,0.22300401775166392,7.653349800109863,0.112671739757061,0.3516525048017502,0.19834238409996033,1.8599213433265687,0.5521197903156281,2.793946213424206,0.21420420035719873,0.822393788099289,0.7809918200969697,0.3705618858337402,,,
7250,0.00044595627860018997,0.15006292345002292,7.97220669746399,0.11114829927682876,0.34524103581905363,0.19744207739830016,1.8205745363235473,0.5455969208478928,3.5521255278587343,0.20862853452563285,0.8268862915039062,0.7819024991989135,0.3703468656539917,,,
7300,0.0004451220700576929,0.09840985095128417,8.1506627368927,0.11025721415877342,0.3396160405874252,0.198036285340786,1.7837419509887695,0.538981494307518,4.140346611738205,0.19919085890054702,0.8236962902545929,0.8066345369815826,0.3730046510696411,,,
7350,0.00044428228355731326,0.1492398357577622,8.029363746643066,0.11179467439651489,0.34820823311805726,0.19676913678646088,1.8230081367492676,0.5482492887973786,3.548728177845478,0.21055999562144279,0.8272075366973877,0.7536040258407593,0.3693158197402954,,,
7400,0.0004434369437373991,0.127301035951823,8.143153095245362,0.10981559798121453,0.34109133064746855,0.1959512022137642,1.7882311701774598,0.5283572721481323,3.1590003696084024,0.21081309705972673,0.8292025399208068,0.8042166697978973,0.37062066555023193,,,
7450,0.0004425860753992263,0.1525010716356337,7.997605209350586,0.11026870414614677,0.34458584249019625,0.19594579488039016,1.8059393072128296,0.555077309012413,3.311828306913376,0.20534201309084893,0.8170050370693207,0.7961257421970367,0.37119688987731936,,,
7500,0.00044172970350627095,0.15781333854421972,7.913241395950317,0.11180384516716003,0.34567719757556914,0.198593168258667,1.8174599123001098,0.5214127540588379,3.270904793739319,0.20579648092389108,0.8328537929058075,0.8070593512058258,0.36956502437591554,,,
7550,0.000440867853183477,0.15967999150045217,7.994612827301025,0.10991283386945724,0.3418741196393967,0.19481687515974044,1.7874955010414124,0.529036705493927,2.602628612816334,0.21556015223264693,0.8348500406742096,0.7690399158000946,0.37356871604919434,,,
7600,0.00044000054971651907,0.11828899463638663,8.072846088409424,0.11072813600301742,0.3439806991815567,0.19646261245012284,1.8201654767990112,0.5635726660490036,4.380898406505585,0.2049608361721039,0.8135587894916534,0.7878252434730529,0.3697557210922241,,,
7650,0.00043912781855106063,0.1357904937211424,8.062937440872192,0.1107028441131115,0.343078276515007,0.19783603012561798,1.8220307683944703,0.5621917992830276,3.8101325768232344,0.2038518726825714,0.8096975409984588,0.7849746227264405,0.36913628578186036,,,
7700,0.0004382496852920074,0.10079789187759161,8.093331537246705,0.10947580114006997,0.3413690459728241,0.19670573264360428,1.7980621433258057,0.5360880786180496,4.332740123271942,0.19635647237300874,0.8359400367736817,0.7774536180496215,0.368972020149231,,,
7750,0.00043736617570275623,0.1269052692875266,8.196057729721069,0.10976378247141838,0.3418889141082764,0.1942602401971817,1.7939837384223938,0.5535745233297348,3.280920048356056,0.2027753236889839,0.8155975437164307,0.7950332009792328,0.37159947395324705,,,
7800,0.0004364773157044391,0.1094226261973381,8.199550151824951,0.10960478380322457,0.3401545464992523,0.1949967050552368,1.7834624528884888,0.5325120139122009,3.5294193586707117,0.21111571311950683,0.8355350410938263,0.7714364433288574,0.36850074291229246,,,
7850,0.0004355831313751627,0.12755819011479616,8.12771900177002,0.10936818361282348,0.34094367146492005,0.1950736317038536,1.7738591289520265,0.5679795324802399,3.475235696583986,0.21175067394971847,0.8241287922859192,0.7710629343986511,0.36806468486785887,,,
7900,0.00043468364894924346,0.14223340220749378,7.908280439376831,0.11013303831219673,0.34372406125068666,0.19673093229532243,1.8045284533500672,0.5611588847637177,3.9747294223308565,0.20347200453281403,0.8127275371551513,0.7768711280822754,0.3681973361968994,,,
7950,0.0004337788948164376,0.13234344532713294,8.257293300628662,0.11009807392954826,0.3439251083135605,0.19421206593513488,1.7927819466590882,0.540936131477356,2.8483384001255034,0.2079779115319252,0.8298675382137298,0.7642167019844055,0.3758258533477783,,,
8000,0.0004328688955211671,0.09444869676604867,8.15518448829651,0.11055079847574234,0.34272639751434325,0.19767970651388167,1.78690486907959,0.5245878273248672,4.249099593944847,0.20203422755002975,0.8301687872409821,0.7818055844306946,0.3796351861953735,9.643034281829992,12.79700117484511,0.8220412537198966
8050,0.00043195367776174067,0.057222139779478313,8.495516395568847,0.10887876898050308,0.3371849548816681,0.1953021240234375,1.770403344631195,0.5112376093864441,3.84697075009346,0.20153171718120574,0.8377750420570373,0.7948630130290986,0.5262285804748535,,,
8100,0.0004310332683895708,0.07851299278438091,8.404673585891723,0.1081872384250164,0.3359654831886292,0.19466040551662445,1.7525144743919372,0.5372695082426071,3.494606297016144,0.19167904630303384,0.8225950431823731,0.7819712805747986,0.3710405969619751,,,
8150,0.00043010769440838577,0.04215994484722614,8.369084634780883,0.10844805076718331,0.3353681266307831,0.19489878594875334,1.7500999855995178,0.5080982983112335,4.533209506608546,0.20658792525529862,0.8420550429821014,0.7938477921485901,0.3722730875015259,,,
8200,0.0004291769829734373,0.07130168631672859,8.256610374450684,0.10853310868144035,0.33514403164386747,0.1952593594789505,1.7633156752586365,0.5265204852819443,4.179050508737564,0.18920023903250693,0.8267637920379639,0.808997495174408,0.3737180280685425,,,
8250,0.0004282411613907041,0.037622364070266485,8.401285524368285,0.10874988615512848,0.3379541563987732,0.1933208093047142,1.747013487815857,0.5200911730527877,4.746844915151596,0.20051885545253753,0.8325000381469727,0.7828668105602264,0.3758345413208008,,,
8300,0.0004273002571160906,0.08467714756727218,8.3022057056427,0.1099681755900383,0.3388391250371933,0.1963237315416336,1.7750063490867616,0.5105713683366776,3.7092163813114167,0.20594211041927338,0.8416062879562378,0.7914614415168763,0.3789248514175415,,,
8350,0.00042635429775462124,0.048395458003506066,8.43274209022522,0.1084607270359993,0.3380447882413864,0.19323471546173096,1.7583423566818237,0.5226422768831253,4.386230276226997,0.20638986498117448,0.830140038728714,0.7982149517536163,0.3794763660430908,,,
8400,0.00042540331105963094,0.14290465882048012,7.99002329826355,0.11062788516283036,0.34286188244819643,0.19662580490112305,1.8047522187232972,0.5472998821735382,3.5143381226062775,0.19438423126935958,0.8189350414276123,0.7827562940120697,0.3801987457275391,,,
8450,0.0004244473249319506,0.0353643939923495,8.522908992767334,0.10773320838809014,0.33101038217544554,0.19432662278413773,1.7409166145324706,0.5202598989009857,4.095419212579727,0.18429999470710753,0.8353475439548492,0.7751516675949097,0.3796605825424194,,,
8500,0.00042348636741908874,0.0722173572704196,8.245898818969726,0.10736264199018479,0.3329197776317596,0.19411703079938888,1.7407274460792541,0.5042324465513229,3.6836118054389955,0.18765685677528382,0.8412650394439697,0.7972590750455857,0.36820372581481936,,,
8550,0.00042252046671440813,0.0845611358154565,8.408786659240723,0.10947659745812416,0.33949470341205595,0.19517824560403824,1.7699851679801941,0.5339589816331863,3.530516020357609,0.19291566729545592,0.8214612889289856,0.7981928730010986,0.37367433071136474,,,
8600,0.00042154965115629947,0.06456597249954939,8.326089324951171,0.10838847368955612,0.33646479189395906,0.19474609613418578,1.767049288749695,0.51959119617939,4.17819839194417,0.19913090959191324,0.831788786649704,0.8042217755317688,0.38655123233795163,,,
8650,0.00042057394922734894,0.07734354191459715,8.265635509490966,0.1086023260653019,0.3386332648992538,0.19452497810125352,1.7832293725013733,0.5094357460737229,4.01358895689249,0.18490175500512124,0.8339100384712219,0.7953681564331054,0.37985955238342284,,,
8700,0.0004195933895535035,-0.03685866815969348,8.79981674194336,0.10643302917480468,0.3280476772785187,0.1929522094130516,1.7281161236763,0.5143072855472565,5.271222747564316,0.17955818235874177,0.8307675445079803,0.8063355362415314,0.37984902381896973,,,
8750,0.0004186080009032304,0.05634624967351556,8.350993466377258,0.10904333114624024,0.3378286921977997,0.19371308624744416,1.7701470160484314,0.5220450466871261,4.4665562146902085,0.19626849204301833,0.8319575321674347,0.7878353428840638,0.3717552947998047,,,
8800,0.0004176178121866736,0.04211669420823455,8.53663914680481,0.10805690452456475,0.333990016579628,0.1941647472977638,1.7611326599121093,0.508358324766159,3.971442463994026,0.19787008851766585,0.8377150392532349,0.8025111544132233,0.3725680112838745,,,
8850,0.0004166228524548051,0.06148017139174044,8.396689262390137,0.10884808033704757,0.33652970552444456,0.1949484568834305,1.7673106002807617,0.5037818977236748,3.8738879197835923,0.17813440665602684,0.8354762923717499,0.7989765787124634,0.3693174076080322,,,
8900,0.000415623150898573,0.14721517622470856,8.204916172027588,0.11025040492415428,0.3442890465259552,0.19523511052131653,1.80246239900589,0.5270408910512924,2.4427586728334427,0.18549636930227278,0.8285825395584107,0.8038291466236115,0.3866333723068237,,,
8950,0.00041461873684804504,0.07699057430028916,8.447392854690552,0.10896022632718086,0.3381608873605728,0.19620848417282105,1.7910906147956849,0.5361448800563813,3.7347767356038095,0.1745583100616932,0.8323225355148316,0.7874243950843811,0.4131029176712036,,,
9000,0.0004136096397715478,0.04198337533511221,8.424166860580444,0.10885790437459945,0.335796086192131,0.19545874804258345,1.7615026807785035,0.5093404507637024,4.438591070771217,0.18327024355530738,0.8346962940692901,0.778866046667099,0.4116151571273804,,,
9050,0.0004125958892748025,0.06879822302609682,8.331693868637085,0.10872760578989983,0.3401343894004822,0.19328710675239563,1.7647954320907593,0.5306406754255295,4.221220211982727,0.1920960982143879,0.8256925392150879,0.7915565526485443,0.4127980709075928,,,
9100,0.00041157751510005613,0.014206436844542623,8.604433221817017,0.1059211853146553,0.33009362339973447,0.1917837616801262,1.7221088194847107,0.5415543639659881,4.496187361478806,0.18194749146699907,0.8199262869358063,0.7881789290904999,0.41122644901275635,,,
9150,0.000410554547125209,-0.028481741603463888,8.722910814285278,0.10580582588911057,0.3283129745721817,0.19219109058380127,1.7187612581253051,0.4793148130178452,4.818782332539558,0.18099981263279916,0.8508900415897369,0.7994092124700546,0.41208741188049314,,,
9200,0.0004095270153629382,0.10420982552692294,8.141242909431458,0.10760894134640693,0.33766103446483614,0.19269839197397232,1.738345959186554,0.5496248614788055,3.5756311932206155,0.19933828637003898,0.8211162889003754,0.7833450090885162,0.41198508739471434,,,
9250,0.0004084949499598167,-0.006633714772760868,8.736722860336304,0.10611214742064476,0.33101372838020326,0.19109329879283904,1.7044137692451478,0.48734650075435637,4.140157506465912,0.19405464589595794,0.8511400425434112,0.8096926629543304,0.416901650428772,,,
9300,0.0004074583811954295,0.08112163995392621,8.297351408004761,0.10962402403354644,0.33936812579631803,0.19518685311079026,1.7800836515426637,0.5350939023494721,4.054329650402069,0.16787124499678613,0.8208887910842896,0.7890953898429871,0.414488582611084,,,
9350,0.0004064173394814848,0.04469472359865904,8.35085072517395,0.10803436800837517,0.3393548786640167,0.19234961181879043,1.7485118293762207,0.5061338055133819,4.540816668123007,0.18735317945480345,0.8380475413799285,0.798636302947998,0.4067951774597168,,,
9400,0.0004053718553609217,0.05262675823643804,8.411893343925476,0.10919161349534988,0.33907398164272307,0.19417517602443696,1.774619438648224,0.5054730021953583,4.27659820318222,0.18060202032327652,0.8389850378036499,0.7879770052433014,0.4174512481689453,,,
9450,0.0004043219595070145,0.0344691801443696,8.48313341140747,0.10858756229281426,0.33452248632907866,0.19521081417798997,1.7543658709526062,0.48582699537277224,4.161318218708038,0.18654998689889907,0.8451850390434266,0.813861014842987,0.421736159324646,,,
9500,0.00040326768272247254,0.09422473836690187,8.408873853683472,0.10683395937085152,0.3367117208242416,0.19021512001752852,1.7369046425819397,0.5143114340305328,2.5569175866246225,0.19070147097110748,0.8371075367927552,0.7815805339813232,0.41056543827056885,,,
9550,0.0004022090559385363,-0.013521797396242619,8.654536466598511,0.10732875645160675,0.33231764018535614,0.19275086760520935,1.7167757534980774,0.49661761581897734,4.909613025784492,0.188162931650877,0.8469850373268127,0.7945762777328491,0.41716755867004396,,,
9600,0.0004011461102140704,0.08593861380591988,8.274920806884765,0.10830710858106612,0.3407536607980728,0.19249964326620103,1.7662878918647766,0.5233315622806549,3.7523506812378766,0.17867016270756722,0.8320950400829316,0.7774872982501984,0.4164603281021118,,,
9650,0.00040007887673465205,0.040929290167987346,8.48161416053772,0.10807903468608857,0.33698079705238343,0.1928977259993553,1.7544719386100769,0.5279353588819504,4.403706910610199,0.17995534390211104,0.8303675365447998,0.7986722671985627,0.41350989818573,,,
9700,0.00039900738681165594,0.014443851727992296,8.615721297264098,0.10719509795308113,0.335329607129097,0.19086873680353164,1.7357881879806518,0.4895917296409607,4.233815659433604,0.18419942364096642,0.8444425463676453,0.7981560230255127,0.41302995681762694,,,
9750,0.00039793167188133607,0.05676593138836324,8.534490604400634,0.10788207992911339,0.33775626838207246,0.19147079497575759,1.7554481601715088,0.5468643486499787,3.9154698519036173,0.18901125028729437,0.824295037984848,0.7806683850288391,0.41144906997680664,,,
9800,0.000396851763503903,0.06504538359120488,8.559312744140625,0.10775813803076745,0.335740407705307,0.19182490050792694,1.73669020652771,0.5225844222307205,3.1061094991490243,0.18001124978065491,0.8334637939929962,0.7932889759540558,0.41323854446411135,,,
9850,0.00039576769336259807,0.030365701168775558,8.530567274093627,0.10695548444986343,0.3316621136665344,0.1924341368675232,1.7190427994728088,0.4948633164167404,3.814963949918747,0.18511920765042306,0.8437087881565094,0.7989215922355651,0.41318186283111574,,,
9900,0.0003946794932627641,0.049288976714015005,8.397126798629762,0.10736072733998299,0.3316724121570587,0.19330829471349717,1.737752254009247,0.4896926587820053,3.707309385240078,0.17474126800894738,0.8412462913990021,0.8075178813934326,0.4119547176361084,,,
9950,0.00039358719513091196,0.04956724600866437,8.581609773635865,0.10805355727672578,0.3364686697721481,0.1926891991496086,1.75028249502182,0.5077899557352066,3.5723696482926606,0.20353677988052368,0.8425325417518615,0.7731703424453735,0.4142807674407959,,,
10000,0.00039249083101378367,-0.017353431917726994,8.735164413452148,0.10648033753037453,0.331781929731369,0.19062717795372008,1.7167208170890809,0.5257513213157654,5.003002262115478,0.19466202706098557,0.8302812922000885,0.8005545747280121,0.41266061305999757,9.986471388178566,13.140438281193685,0.8301726704994561
10050,0.00039139043307741294,-0.016706412425264716,8.558914270401,0.1063903459906578,0.3350141668319702,0.18973531514406206,1.7205070662498474,0.49400788187980654,5.377269833087921,0.19748451590538024,0.8448050403594971,0.805186289548874,0.5813803911209107,,,
10100,0.0003902860336061805,-0.009353232569992542,8.716736040115357,0.10674796685576439,0.33148306369781494,0.1914117807149887,1.7269323182106018,0.5061169332265854,4.652775208204985,0.18055035412311554,0.8374975395202636,0.8008761012554169,0.40815598011016846,,,
10150,0.0003891776650018679,0.046070991829037664,8.413892335891724,0.10756248712539673,0.33480066537857056,0.19238940119743347,1.7367214727401734,0.5130833035707474,4.103692195862532,0.18443480044603347,0.8347575414180756,0.8032615756988526,0.3921668243408203,,,
10200,0.00038806535978270606,0.04782746877521277,8.476429042816163,0.10789910092949867,0.3395165300369263,0.1916474223136902,1.7618298077583312,0.5000087302923203,4.061016508340836,0.20044865265488623,0.8400262939929962,0.8131037545204163,0.42395209312438964,,,
10250,0.00038694915058242157,-0.04320684853941202,8.898395128250122,0.10559141278266906,0.3291074949502945,0.1899799472093582,1.7093560552597047,0.5157537996768952,5.044267980605364,0.19340929061174392,0.8340875387191773,0.7836583024263382,0.4157257652282715,,,
10300,0.0003858290701492794,0.040657969750463964,8.42686586380005,0.10710791274905204,0.33360313773155215,0.19336947321891784,1.7487481236457825,0.511602953672409,4.253925155699253,0.18019821032881736,0.8313587880134583,0.8015810418128967,0.41406521320343015,,,
10350,0.00038470515134512176,0.023137692529708147,8.641287717819214,0.1064587713778019,0.33311413168907167,0.1917201867699623,1.7298393964767456,0.5103376179933548,3.9348230631649495,0.18306063666939734,0.8313837897777557,0.808477566242218,0.4185612916946411,,,
10400,0.0003835774271444042,-0.00139696067199111,8.630471458435059,0.10716946855187416,0.3320816045999527,0.19158516079187393,1.7267390060424805,0.4842460200190544,4.499927912354469,0.18599596112966538,0.8428012907505036,0.8027052235603332,0.41085349559783935,,,
10450,0.00038244593063322817,0.04986921234056354,8.427370481491089,0.10679413273930549,0.3337914615869522,0.1914358100295067,1.7247688484191894,0.5146975201368332,3.8232652986049653,0.19849715441465376,0.8355350399017334,0.7979378354549408,0.4166120529174805,,,
10500,0.00038131069500837035,-0.01760968841612339,8.735479040145874,0.1057470679283142,0.330325653553009,0.19077049881219865,1.7061263871192933,0.4881909263134003,4.468163023591042,0.17993357449769973,0.8517187917232514,0.7881163561344147,0.41344610214233396,,,
10550,0.00038017175357630845,0.043322108052670956,8.677171926498414,0.10687851414084434,0.3309037446975708,0.19297960311174392,1.7265617084503173,0.5152112752199173,3.103221932053566,0.1716819629073143,0.8387812876701355,0.7862253975868225,0.4128852796554565,,,
10600,0.00037902913975224425,-0.04088418062776327,8.672177124023438,0.10605100721120835,0.32892006695270537,0.19098930597305297,1.7116791415214538,0.46925933241844175,5.270193809419871,0.18115724936127664,0.8454375338554382,0.823057565689087,0.4120756721496582,,,
10650,0.00037788288705912327,0.03737076716497541,8.414064121246337,0.10802807971835136,0.3366833782196045,0.19406953692436218,1.7507592964172363,0.5434166389703751,4.868206224814057,0.17428399190306665,0.8236637854576111,0.770174753665924,0.4131615447998047,,,
10700,0.0003767330291266511,0.023218184374272824,8.593950500488281,0.10573819100856781,0.32934649407863614,0.19123362272977829,1.7061093306541444,0.5080452609062195,3.7440640938282015,0.17689886838197708,0.8328512883186341,0.8087327873706818,0.4130572891235352,,,
10750,0.00037557959969030676,0.021490104822441937,8.500136651992797,0.10617538392543793,0.33392126619815826,0.19182440429925918,1.7261279106140137,0.495469343662262,4.305183362364769,0.18297822088003157,0.8419825422763825,0.8075612282752991,0.41211235523223877,,,
10800,0.0003744226325903532,-0.03363914265297353,8.845095367431641,0.10589356303215026,0.3308286017179489,0.19054383039474487,1.7136848878860473,0.49294375598430634,4.7510196322202685,0.1779114556312561,0.8410262894630433,0.8042775475978852,0.41358556270599367,,,
10850,0.000373262161770844,0.006207591388374567,8.686259269714355,0.10705728560686112,0.3320780748128891,0.1938023829460144,1.7458504247665405,0.49726821660995485,4.297382836341858,0.16256757944822312,0.8388912880420685,0.7925583624839783,0.4130679702758789,,,
10900,0.0003720982212786279,0.023547921013087034,8.511856384277344,0.10654142558574677,0.3300286692380905,0.19171985268592834,1.7252969574928283,0.5178752249479294,4.2994278994202615,0.18416786402463914,0.8306612932682037,0.7837837660312652,0.41226216793060305,,,
10950,0.00037093084526234975,0.034507545623928305,8.4659273147583,0.10655411809682847,0.33645022809505465,0.19109609067440034,1.7279477858543395,0.5033693879842758,4.17936230123043,0.19095211297273637,0.8372175419330596,0.8026139056682586,0.4127064847946167,,,
11000,0.0003697600679714486,-0.04631372313946486,8.904736127853393,0.105686444491148,0.3309756338596344,0.18963800877332687,1.7025427579879762,0.4659362980723381,4.635489104986191,0.18763280749320985,0.8567537939548493,0.8092371761798859,0.4101691961288452,,,
11050,0.0003685859237551529,0.00646868534386158,8.660284938812255,0.10696466788649558,0.3334988820552826,0.19093349128961562,1.7204620718955994,0.5012707901000977,4.308562791347503,0.19073625296354293,0.8443887889385223,0.8013652276992798,0.4170012855529785,,,
11100,0.00036740844706147264,-0.0047741571813821795,8.778121604919434,0.1062096156179905,0.3313696050643921,0.1907346186041832,1.7154102945327758,0.49362186312675477,4.056492848992348,0.17529136657714844,0.848277542591095,0.8030879211425781,0.41575654029846193,,,
11150,0.000366227672436189,-0.000368075929582119,8.652374420166016,0.10610461726784706,0.32947135627269747,0.19047872662544252,1.6959105801582337,0.5217317205667495,4.438113601505757,0.1918313229084015,0.8312650370597839,0.8067425394058227,0.4141088628768921,,,
11200,0.00036504363452184046,0.013032197020947933,8.604634227752685,0.10750782042741776,0.332866348028183,0.19216524809598923,1.7265780878067016,0.4954106146097183,4.264134527146816,0.18914222463965416,0.8414175403118134,0.8109954726696015,0.41684303283691404,,,
11250,0.00036385636805670644,-0.02410685792565346,8.884191207885742,0.10460666194558144,0.32800536453723905,0.18878865778446197,1.6817421650886535,0.4979753130674362,4.0030397140979765,0.18827606961131096,0.8397775447368622,0.7951418328285217,0.41104794025421143,,,
11300,0.0003626659078737884,-0.02269339222460985,8.70771592617035,0.10528245449066162,0.3289034950733185,0.18932755380868913,1.7083682942390441,0.48310867577791217,4.604969560331665,0.17273632660508156,0.8495700418949127,0.8131155467033386,0.4132344388961792,,,
11350,0.0003614722888997878,-0.014930341206490994,8.815991315841675,0.10581230148673057,0.3290706604719162,0.19115650087594985,1.7137020897865296,0.5052745693922043,4.303394587039947,0.18435861125588418,0.8404912889003754,0.8026163494586944,0.41340237617492676,,,
11400,0.00036027554615408123,-0.018404525620862842,8.74128625869751,0.1053685113787651,0.3276854556798935,0.19097434014081954,1.7026871204376222,0.5023663258552551,4.51264713704586,0.19019850105047226,0.8418512856960296,0.7973359024524689,0.40441022396087645,,,
11450,0.0003590757147476929,0.007985364478081465,8.512582101821899,0.10599058836698533,0.33053076326847075,0.19073926478624345,1.7041975712776185,0.5024927526712417,4.526764718294143,0.19432088673114778,0.8392675459384918,0.7796294450759887,0.405046329498291,,,
11500,0.00035787282988226487,0.0367346659861505,8.582502965927125,0.1084036274254322,0.33564269423484805,0.19350864738225937,1.7548782134056091,0.4841424089670181,3.745198922753334,0.18047308027744294,0.8519387865066528,0.8080141031742096,0.417374587059021,,,
11550,0.0003566669268490241,0.0329243534617126,8.514575510025024,0.1071890789270401,0.3340074044466019,0.19150433838367462,1.7242262887954711,0.5265216130018234,4.23134703874588,0.19745583742856979,0.8247912871837616,0.7893978559970856,0.41769046783447267,,,
11600,0.00035545804102774697,0.001987689342349768,8.765638370513916,0.10517701506614685,0.3323149210214615,0.1872122722864151,1.70129709482193,0.5143803077936172,3.9477751195430755,0.17511311993002893,0.8397787892818451,0.8035378050804138,0.3985238885879517,,,
11650,0.00035424620788572145,-0.027991767078638076,8.73582197189331,0.10584681794047356,0.32825936198234557,0.1920254784822464,1.7087316632270813,0.5166896176338196,5.022822150290012,0.15616123214364053,0.8329337918758393,0.7983048331737518,0.3867712354660034,,,
11700,0.00035303146297670625,-0.01508945383131504,8.687822923660278,0.10628569826483726,0.3303764146566391,0.19149704813957213,1.7259665966033935,0.512668724656105,4.931313977539539,0.17054204598069192,0.8329287898540497,0.8054265332221985,0.3883940029144287,,,
11750,0.0003518138419398881,0.0032563195656985042,8.731733102798461,0.10660694092512131,0.3325443583726883,0.1912580421566963,1.7322238397598266,0.526949389576912,4.4423186647892,0.17281799644231796,0.8306462919712067,0.8035908961296081,0.3967358875274658,,,
11800,0.0003505933804988359,-0.03869220040738583,8.830144958496094,0.10514159724116326,0.32816858530044557,0.19039229452610015,1.7036399936676025,0.46744361698627473,4.514308623075485,0.16725207313895227,0.8532175409793854,0.8175723767280578,0.4133112335205078,,,
11850,0.0003493701144604525,-0.0641166302934289,8.998223323822021,0.10407057702541352,0.326280420422554,0.18880733460187912,1.6895673966407776,0.46937269628047945,4.606070923805237,0.16338709160685538,0.849050041437149,0.8111771297454834,0.4129431438446045,,,
11900,0.0003481440797139246,0.024317440763115882,8.421854248046875,0.10609733179211617,0.33598765909671785,0.18935015112161635,1.7098896861076356,0.49861162662506103,4.447920514307916,0.18978031411767005,0.8340725421905517,0.8177952945232392,0.4137334489822388,,,
11950,0.0003469153122296692,-0.03261430043727159,8.811217021942138,0.10635440111160278,0.3282798719406128,0.1917136737704277,1.7084744191169738,0.4954457223415375,4.736611246168613,0.16257536232471467,0.843355039358139,0.8163707172870636,0.41337674140930175,,,
12000,0.0003456838480582791,-0.0002559363748878241,8.662727851867675,0.10653552055358886,0.3314973378181458,0.1912085819244385,1.7177987456321717,0.48844137132167814,4.2913116562366485,0.18537220373749733,0.8466800367832183,0.7957905006408691,0.4132989549636841,10.217817185725002,13.37178407874012,0.8343755228872491
12050,0.0003444497233294642,-0.07214145477861166,9.049015064239502,0.10361865639686585,0.3229010415077209,0.18895647168159485,1.6709541845321656,0.5079272133111954,4.842220866978169,0.16502067178487778,0.8372712886333465,0.8058303070068359,0.5853225564956666,,,
12100,0.00034321297425099224,-0.0478468319028616,8.945678644180298,0.10474767237901687,0.3250369852781296,0.18914640814065933,1.6732601404190064,0.4975804889202118,4.421399357169866,0.178165343105793,0.8372900390625,0.7954718434810638,0.416120810508728,,,
12150,0.00034197363710762645,-0.020082692950963973,8.722772970199586,0.10450511068105697,0.32733916699886323,0.18847697526216506,1.6755291533470154,0.4989386123418808,4.332001489698887,0.1795974414050579,0.8413212919235229,0.7907516765594482,0.4233622312545776,,,
12200,0.0003407317482600607,-0.014487397652119397,8.510246467590331,0.10508655205368995,0.3289655750989914,0.19053681969642638,1.69449951171875,0.5059937787055969,5.14675537109375,0.18057405680418015,0.8359000337123871,0.804976897239685,0.4161612796783447,,,
12250,0.00033948734414385276,-0.016054589990526436,8.84473030090332,0.10458921238780022,0.32808954000473023,0.18862444758415223,1.6814535140991211,0.4863091599941254,3.729329597949982,0.1769759599864483,0.8473125398159027,0.7980573999881745,0.4148954629898071,,,
12300,0.0003382404612683556,-0.041064566262066365,8.754858741760254,0.10447884917259216,0.32451094686985016,0.1913364741206169,1.6910348272323608,0.4712184107303619,4.66702800989151,0.16937830850481986,0.8492125403881073,0.811996579170227,0.41334884643554687,,,
12350,0.00033699113621564605,-0.023521304046735168,8.87836874961853,0.10615682795643806,0.32864264011383054,0.19153885602951048,1.7130322885513305,0.5045458835363388,4.328389346599579,0.15871816679835318,0.8364962935447693,0.7974505686759948,0.41192243099212644,,,
12400,0.00033573940563945144,-0.05981191860511899,8.898511562347412,0.10538474634289742,0.3277113872766495,0.19117828756570815,1.6937257313728333,0.4980132907629013,5.223197955787182,0.16272857233881952,0.8452000391483306,0.7963029336929321,0.4116225004196167,,,
12450,0.0003344853062640743,-0.08457039212808012,9.046334810256958,0.10432748883962631,0.3237891429662704,0.19056013077497483,1.679311487674713,0.4965627235174179,5.284372029900551,0.16956927463412286,0.8396950376033783,0.8050476038455963,0.41333720207214353,,,
12500,0.0003332288748833151,-0.07587469820864498,9.196154651641846,0.10387758791446686,0.3213219863176346,0.18903053790330887,1.655491759777069,0.5032230675220489,4.294603303074837,0.17209728345274924,0.8427587902545929,0.801067727804184,0.41207147121429444,,,
12550,0.0003319701483593925,-0.00035334400832653045,8.668398752212525,0.10592666462063789,0.32863301277160645,0.19173746228218078,1.7200392580032349,0.4893696802854538,4.164302488565445,0.17031878337264061,0.8444650387763977,0.8117913579940796,0.4128109073638916,,,
12600,0.00033070916362186215,-0.024110814835876227,8.955800457000732,0.1048454149067402,0.3311764347553253,0.18815608441829682,1.69661776304245,0.49420997232198716,3.8972231578826904,0.16661415815353395,0.8446387898921967,0.8011545729637146,0.4151430559158325,,,
12650,0.00032944595766653265,-0.10782385156489908,9.15908169746399,0.10348890975117683,0.3221513307094574,0.1885531058907509,1.6616638207435608,0.4632984191179276,5.141595091819763,0.1760742899775505,0.8561362886428833,0.809142439365387,0.4143561506271362,,,
12700,0.00032818056755438084,0.023431107774376868,8.634389371871949,0.1057762260735035,0.33120529174804686,0.19087447017431258,1.7124286937713622,0.5089568653702736,3.6917620220780374,0.1641249415278435,0.8337712919712067,0.7952719449996948,0.4124048948287964,,,
12750,0.00032691303041046404,-0.08103686524555087,9.019277782440186,0.10433281347155571,0.3255156260728836,0.1897197088599205,1.6785496544837952,0.4662175804376602,4.99137443780899,0.1658519548177719,0.8525637912750245,0.8063247871398925,0.4130976152420044,,,
12800,0.000325643383422831,-0.0651536631025374,8.953652143478394,0.10372147127985955,0.3250535196065903,0.18754447042942046,1.6700900626182555,0.49185558199882506,4.822713032960892,0.16559851452708244,0.8432562899589539,0.8246517038345337,0.4042014026641846,,,
12850,0.00032437166384143067,-0.06944302259013056,8.979672756195068,0.10443817883729935,0.3281206965446472,0.18799328297376633,1.673226270675659,0.4790377652645111,4.923298443555832,0.17819541648030282,0.8499775397777557,0.7878426790237427,0.3827652883529663,,,
12900,0.00032309790897701963,-0.08804691861383616,9.143944778442382,0.10476931318640709,0.3223729836940765,0.19013397842645646,1.6810883355140687,0.47217710077762604,4.779735590219498,0.15372682452201844,0.8525825428962708,0.8232635164260864,0.4000228404998779,,,
12950,0.0003218221562000672,-0.03718163877725601,8.81818413734436,0.10590017929673196,0.3310068517923355,0.1896721366047859,1.7165848565101625,0.4802215987443924,4.84562222123146,0.1762665869295597,0.849622540473938,0.8072334504127503,0.3996209859848022,,,
13000,0.0003205444429396592,-0.0737946420069784,9.108506164550782,0.10449063152074814,0.3249639189243317,0.18813920140266419,1.6710559988021851,0.4774831509590149,4.485865161418915,0.1655895920097828,0.8536812937259675,0.7939619517326355,0.37634527683258057,,,
13050,0.0003192648066823994,0.015902701839804648,8.439609794616699,0.10660380080342292,0.33437379002571105,0.19046435803174971,1.7219750213623046,0.4976068338751793,4.683399891853332,0.17143461406230925,0.8377525413036346,0.8038134503364563,0.37419060707092283,,,
13100,0.0003179832849713104,-0.04689585071057081,8.964613008499146,0.10500364169478417,0.32512563586235044,0.1898431560397148,1.693092839717865,0.48499940752983095,4.338672034740448,0.17049998581409453,0.8472237932682037,0.7930174934864044,0.4031716823577881,,,
13150,0.00031669991540473176,-0.10254618088714779,9.27477439880371,0.10291486606001854,0.3192121732234955,0.1879999253153801,1.6533481168746949,0.4829638224840164,4.563763961866498,0.15516794085502625,0.8465587937831879,0.8016800212860108,0.40108816623687743,,,
13200,0.0003154147356352167,-0.05744428808800876,8.96822636604309,0.10606856048107147,0.3296236431598663,0.1908513304591179,1.697275676727295,0.4925580549240112,4.957270024009049,0.15852585226297378,0.8401512885093689,0.8141094470024108,0.39913747310638426,,,
13250,0.00031412778336842794,-0.07928184889256955,8.991923007965088,0.10388414308428764,0.3251111364364624,0.18914232015609742,1.689057755470276,0.46955637872219086,5.092171890735626,0.16518361508846283,0.8496825397014618,0.8142118120193481,0.3755178737640381,,,
13300,0.0003128390963620309,-0.11086524412035942,9.262311248779296,0.1039005920290947,0.3233199620246887,0.18828020811080934,1.6727215337753296,0.4855370408296585,5.215513083934784,0.15842497408390044,0.8427075362205505,0.8161285382509231,0.4018409204483032,,,
13350,0.00031154871242458653,-0.0769528472237289,8.93183219909668,0.10506369695067405,0.3276716125011444,0.1896793246269226,1.6846605300903321,0.47558056086301803,5.390766603946686,0.17415996052324773,0.8482987904548644,0.785254933834076,0.40144699096679687,,,
13400,0.0003102566694144416,-0.013592117372900248,8.846381721496583,0.1055589747428894,0.32483299970626833,0.1920740133523941,1.7035341119766236,0.4769060271978378,3.658321169842966,0.18005764961242676,0.843293787240982,0.8297614777088165,0.4015626239776611,,,
13450,0.00030896300523861796,-0.08073088670149446,9.022510595321656,0.10372622832655906,0.3245881736278534,0.1891124153137207,1.6759836292266845,0.4820710325241089,5.066512677818537,0.17298802450299264,0.8473287880420685,0.8119791579246521,0.4015397262573242,,,
13500,0.00030766775785170096,-0.08674440991133452,9.072296104431153,0.10484523296356202,0.3256681561470032,0.19054773718118667,1.6892690825462342,0.49059993505477906,5.3515755295753475,0.16641918405890466,0.8420237898826599,0.8173308789730072,0.4019008731842041,,,
13550,0.000306370965254725,-0.10718098701909184,9.111424074172973,0.10393060922622681,0.3239955538511276,0.18940698742866516,1.6619500946998595,0.4868478199839592,5.593686276078224,0.17158786520361902,0.8435412919521332,0.8094866317510605,0.402684907913208,,,
13600,0.0003050726654940594,-0.09869474167004227,9.200704984664917,0.10295020461082459,0.3248845309019089,0.1854313549399376,1.6316365361213685,0.46307663559913637,4.528515481650829,0.17033581033349038,0.855870040655136,0.8048492836952209,0.4042664861679077,,,
13650,0.00030377289666029203,-0.052982414308935404,8.97041823387146,0.1038978487253189,0.32508853673934934,0.1896388939023018,1.6705903863906861,0.4801764926314354,4.267091378569603,0.16046155869960785,0.843337539434433,0.8012337160110473,0.4021861505508423,,,
13700,0.00030247169688711134,-0.06689465811476111,9.018678169250489,0.10355964675545692,0.32316519975662233,0.18825868517160416,1.667579345703125,0.48421992421150206,4.527800378203392,0.17645748779177667,0.8473275434970856,0.8208980703353882,0.40347612857818604,,,
13750,0.000301169104350188,-0.10122976511716843,9.190452575683594,0.10269464150071145,0.32062666296958925,0.18826769292354584,1.6490855884552003,0.4852011221647263,4.841989516317844,0.15792224541306496,0.8460537898540497,0.7957864022254943,0.3768437147140503,,,
13800,0.0002998651572660548,-0.01362050762400031,8.879564199447632,0.10551288157701492,0.33090404093265535,0.1892864802479744,1.6980150055885315,0.4720248955488205,3.6206194162368774,0.17082324907183646,0.8493162918090821,0.8048718655109406,0.3729619216918945,,,
13850,0.00029855989389098516,-0.03980153582058847,8.86783995628357,0.10469065815210342,0.3287896752357483,0.18897465258836746,1.6924248766899108,0.4739565560221672,4.4032323238253595,0.16469528928399085,0.851262538433075,0.8187610685825348,0.368740119934082,,,
13900,0.0002972533525198711,-0.08442307301796972,8.988053340911865,0.10367536082863808,0.32348167777061465,0.18888616532087327,1.664775857925415,0.46061366438865664,4.962999395132065,0.1662018756568432,0.8517850410938262,0.8221344304084778,0.3681971168518066,,,
13950,0.00029594557148509946,0.006356949992477894,8.661668329238891,0.10466872200369835,0.3286329764127731,0.18842702686786653,1.6840851402282715,0.49223616659641267,3.695483436584473,0.18141211971640586,0.841723792552948,0.806819771528244,0.3746286773681641,,,
14000,0.00029463658915542744,-0.10758853320032358,9.167274856567383,0.10314847826957703,0.3231894886493683,0.18697025775909423,1.6648868346214294,0.445395969748497,4.957046527117491,0.17650310263037683,0.8634037888050079,0.8213736498355866,0.38012549400329587,10.40398170449771,13.557948597512828,0.8412690997089887
14050,0.0002933264439348566,-0.07089696971699595,9.044981279373168,0.10269185796380043,0.3223528438806534,0.18712676435709,1.646210651397705,0.5310716503858566,4.816920415461063,0.16724831745028496,0.8280662906169891,0.7892893946170807,0.5410797595977783,,,
14100,0.0002920151742615066,-0.05761535165831447,9.12506109237671,0.10433649897575378,0.32489340484142304,0.18944429516792297,1.6917394828796386,0.472790247797966,3.972304185628891,0.1562344366312027,0.8475200414657593,0.813810852766037,0.3721057033538818,,,
14150,0.00029070281860648717,-0.044524444602429866,8.824204692840576,0.10433108180761337,0.3249474483728409,0.1897803920507431,1.6744048309326172,0.48669406175613406,4.5576299506425855,0.15046176329255104,0.8408087885379791,0.8011095404624939,0.3680860948562622,,,
14200,0.0002893894154727694,-0.1256189101655036,9.290853576660156,0.10310493677854538,0.3207900482416153,0.18752654880285263,1.65416677236557,0.47737695157527926,5.286098210513591,0.15700023978948593,0.8468737888336182,0.8013844525814057,0.3690166854858398,,,
14250,0.0002880750033940561,-0.1327594956383109,9.303475131988526,0.1029056453704834,0.32038227558135984,0.18762406319379807,1.6497461938858031,0.48687058687210083,5.527954149246216,0.1568216946721077,0.8449412882328033,0.8200291049480438,0.37497965812683104,,,
14300,0.00028675962093365154,-0.09468261106871069,9.045026206970215,0.10304495215415954,0.3221489405632019,0.1883099302649498,1.660942895412445,0.4739773809909821,5.142225141376257,0.16036226406693457,0.8496925377845764,0.8115889263153077,0.377778377532959,,,
14350,0.0002854433066833297,-0.03550916044041515,9.061376810073853,0.10389231443405152,0.3247135055065155,0.18892461240291594,1.6737156152725219,0.5088047009706497,3.682288585007191,0.168588957041502,0.8361212909221649,0.8096100199222565,0.37860631465911865,,,
14400,0.0002841260992622021,-0.026603107899427415,8.934552669525146,0.10442110493779183,0.32848829209804536,0.189233241379261,1.6823373556137085,0.4789282041788101,3.7163588935136795,0.17035264581441878,0.850182546377182,0.7927979063987732,0.3781817722320557,,,
14450,0.0002828080373155852,-0.046351235313341024,8.801553921699524,0.10429192140698433,0.32625963985919954,0.18860689729452132,1.6722460579872132,0.4828503084182739,4.697285404726863,0.165695683658123,0.8491700410842895,0.8144207847118378,0.37793498516082763,,,
14500,0.00028148915951386577,-0.04069832991808653,8.997228202819825,0.10474936500191688,0.3274886107444763,0.1896050176024437,1.6844430232048035,0.5083450013399125,4.262754399180412,0.16791085928678512,0.8341412901878357,0.8005851972103118,0.3784894371032715,,,
14550,0.00028016950455136714,-0.045342405568808315,8.824852905273438,0.10592300221323966,0.3293196624517441,0.1920054519176483,1.714895703792572,0.48356609463691713,5.07082848906517,0.1674895341694355,0.8506487929821014,0.8173683571815491,0.3785308599472046,,,
14600,0.0002788491111452136,-0.13558293770998717,9.345015382766723,0.10227935329079628,0.31881848514080047,0.18656181633472443,1.6331587195396424,0.4726134395599365,5.133961796760559,0.1491060423851013,0.8484637928009033,0.8042264604568481,0.3774724054336548,,,
14650,0.0002775280180341941,-0.05867856305092573,8.964624471664429,0.10462605744600297,0.3249489760398865,0.18801482409238815,1.6779178714752196,0.4608316871523857,4.334177863271907,0.15993319764733316,0.8547562897205353,0.8260854375362396,0.3781493806838989,,,
14700,0.00027620626397762684,-0.09852447340264917,9.119908409118652,0.10341546654701234,0.32215838611125946,0.18843062609434127,1.6567701745033263,0.4467273396253586,4.725447400957346,0.15509038999676705,0.859541289806366,0.8385030710697174,0.3786904191970825,,,
14750,0.0002748838877542207,-0.0668807553127408,8.94491132736206,0.1037889239192009,0.32475880682468417,0.18838525235652923,1.671266655921936,0.47882413417100905,4.776833572387695,0.15903025284409522,0.8444875431060791,0.8220470070838928,0.3794030475616455,,,
14800,0.0002735609281609386,-0.04931478552520275,8.876195974349976,0.10490979135036468,0.3286438292264938,0.18872644484043122,1.6776821637153625,0.472093360722065,4.573859074115753,0.16369182989001274,0.8515812873840332,0.7981847792863845,0.37304006576538085,,,
14850,0.0002722374240118586,-0.057109511932358144,8.925281200408936,0.10364085242152214,0.3262233370542526,0.1886502632498741,1.6813138604164124,0.4585462337732315,4.4200711065530776,0.1546967150270939,0.8533275413513184,0.8302593779563904,0.36693100929260253,,,
14900,0.00027091341413703566,-0.0824244423955679,8.992801599502563,0.10438907966017723,0.32567320466041566,0.19009479641914367,1.673228771686554,0.4673277080059052,5.0939142006635665,0.15476726844906807,0.8482900416851044,0.8137986636161805,0.36731056213378904,,,
14950,0.0002695889373813619,-0.1223136043548584,9.293861627578735,0.10365811139345169,0.32167587339878084,0.18827080696821213,1.658048508167267,0.4678513073921204,5.163999390602112,0.1642444433271885,0.8452625405788422,0.8089901065826416,0.36707741737365723,,,
15000,0.00026826403260342733,-0.10406821953132749,9.192034273147582,0.10398036196827888,0.32293640315532685,0.18858424305915833,1.6665829801559449,0.4792262434959412,5.1167130626365545,0.16120185241103172,0.840906286239624,0.8161586534976959,0.3666622018814087,,,
15050,0.00026693873867437946,-0.041582422219216826,8.978197116851806,0.10504130080342293,0.32800638139247895,0.18952714949846267,1.675315616130829,0.4960139161348343,4.2101543009281155,0.17537580862641333,0.8387512862682343,0.8101505255699157,0.36952058792114256,,,
15100,0.00026561309447678327,-0.08841242120601236,9.131355476379394,0.10350970566272735,0.3233439201116562,0.18845886051654814,1.667927610874176,0.4646298003196716,4.642835963964462,0.1528492224216461,0.850240045785904,0.8270839536190033,0.37113467216491697,,,
15150,0.00026428713890347996,-0.12870493431575597,9.166603202819823,0.1032812923192978,0.32339723587036134,0.18771972358226777,1.6529825925827026,0.4664655449986458,5.791417044401169,0.16334552615880965,0.8540387892723084,0.8238759469985962,0.3699500608444214,,,
15200,0.0002629609108564463,-0.17128512953408062,9.393307275772095,0.10103523030877114,0.3147374993562698,0.18729340732097627,1.6138944816589356,0.4549749195575714,5.692203739881515,0.1515919940173626,0.8621562910079956,0.8225505769252777,0.3694730186462402,,,
15250,0.000261634449245653,-0.15807261999696492,9.428882360458374,0.10192206382751465,0.31611465513706205,0.18732704907655717,1.6333527731895447,0.4700998294353485,5.480702392458916,0.1460271307826042,0.8518100428581238,0.8204235398769378,0.3734231281280518,,,
15300,0.0002603077929879234,-0.09749088004231453,9.047963781356811,0.10286808535456657,0.3202065944671631,0.18841581612825395,1.6387360644340516,0.46630157232284547,4.915020733475685,0.1503803949058056,0.8555200433731079,0.8098180449008942,0.3712103176116943,,,
15350,0.00025898098100579143,-0.047003347165882586,8.886033353805542,0.1039834389090538,0.3261054140329361,0.18716094195842742,1.661414659023285,0.4790546891093254,4.29757294178009,0.16581411108374597,0.8470562899112701,0.8032749974727631,0.36766450881958007,,,
15400,0.0002576540522263598,-0.08176164250820875,9.054190158843994,0.10340775087475777,0.3230570191144943,0.18803366094827653,1.6600909876823424,0.463054963350296,4.588475452065468,0.15004186540842057,0.8498037874698638,0.8372541534900665,0.36764700412750245,,,
15450,0.000256327045580158,-0.1198461389914155,9.09591046333313,0.1031362235546112,0.32316427111625673,0.1884780126810074,1.6511740732192992,0.47195331513881683,5.762524905204773,0.15911907866597175,0.849842540025711,0.8128397560119629,0.36698083400726317,,,
15500,0.000255,-0.05055667901411653,9.164546699523926,0.1042581133544445,0.3254133677482605,0.1892327857017517,1.6780183482170106,0.49904227137565615,3.7572239151597024,0.13714098662137986,0.839215041399002,0.8132850992679596,0.36712419509887695,,,
15550,0.000253672954419842,-0.04636149436235428,8.992202892303467,0.10458236992359161,0.3260190564393997,0.18938735038042068,1.6703904390335083,0.4610634922981262,3.834378461539745,0.16150771275162698,0.854593790769577,0.8327442467212677,0.36690426349639893,,,
15600,0.0002523459477736403,-0.13080350061878562,9.220630683898925,0.10253013283014298,0.3195292580127716,0.18817070364952088,1.6495715618133544,0.4748090693354607,5.572738970257342,0.1514821495115757,0.8481875395774842,0.7932535576820373,0.36693066596984864,,,
15650,0.0002510190189942087,-0.07040470983833075,8.891325016021728,0.10539538666605949,0.32949225783348085,0.18934007376432418,1.696395423412323,0.4669253534078598,5.335194278359413,0.15474545538425447,0.853670039176941,0.8127838850021363,0.36690722942352294,,,
15700,0.0002496922070120766,-0.12700736205093563,9.382774724960328,0.10288394778966904,0.320395148396492,0.18707422643899918,1.650366051197052,0.4756576097011566,4.971567233800888,0.16490562990307808,0.8496575403213501,0.8199369537830353,0.3665769910812378,,,
15750,0.0002483655507543471,-0.12759718507528306,9.345348339080811,0.10256151214241982,0.3185318821668625,0.1887422978878021,1.6452604126930237,0.46074736714363096,4.852850238084793,0.15061573982238768,0.8491525387763977,0.8176917636394501,0.366832332611084,,,
15800,0.0002470390891435538,-0.12311913434416055,9.411907701492309,0.10111924052238465,0.3164368385076523,0.18609497845172882,1.6137102627754212,0.4595989954471588,4.1323538726568225,0.1607187719643116,0.8553737914562225,0.800368880033493,0.36661749839782715,,,
15850,0.0002457128610965202,-0.13593513295054435,9.330473279953003,0.10216470941901207,0.3181676805019379,0.18709337264299392,1.6334730553627015,0.4544787973165512,5.008959937095642,0.15764698892831802,0.85868004322052,0.823410838842392,0.3667852735519409,,,
15900,0.00024438690552321677,-0.0973647249583155,9.107648391723632,0.10345573350787163,0.3246679496765137,0.1865173503756523,1.6471722555160522,0.48023016333580015,5.053317142128944,0.14834490790963173,0.8453275442123414,0.7975415349006653,0.36658568859100343,,,
15950,0.00024306126132562058,-0.10893278571777046,9.236921319961548,0.10300564780831337,0.32442292511463167,0.1873330754041672,1.6549651837348938,0.4461466592550278,4.749010574519634,0.17528267443180084,0.8594462871551514,0.8191263973712921,0.3675385475158691,,,
16000,0.0002417359673965727,-0.12077548144385218,9.140737352371216,0.10287203371524811,0.3212699270248413,0.18858266979455948,1.6587068223953247,0.49176427602767947,5.813291569054127,0.15419202856719494,0.8390037906169892,0.8127126157283783,0.3664451265335083,10.675640019374745,13.829606912389863,0.845572059526619
16050,0.00024041106261863814,-0.1535310996323824,9.431836557388305,0.10139204740524292,0.3167533707618713,0.18651339262723923,1.6185182189941407,0.448068066239357,5.017537949085235,0.15910409405827522,0.8609050416946411,0.8142066597938538,0.5063197422027588,,,
16100,0.00023908658586296432,-0.09701495420187711,9.146879444122314,0.10155695855617523,0.32051804959774016,0.18454539448022841,1.6219146704673768,0.46030143737792967,4.334677811264992,0.15602679044008255,0.8488712918758392,0.8308909547328949,0.3671212434768677,,,
16150,0.0002377625759881414,-0.1058615411259234,9.028949451446532,0.10273459360003472,0.3196287316083908,0.1878820142149925,1.641562159061432,0.5329691022634506,5.9293311177194115,0.15964510247111321,0.824550039768219,0.8131948006153107,0.3674159908294678,,,
16200,0.00023643907183906146,-0.15341081803664566,9.381980743408203,0.1008732782304287,0.3169474142789841,0.1842692756652832,1.6117887139320373,0.4622957408428192,5.228484475016594,0.1498770833015442,0.8511062884330749,0.8197277212142944,0.3671563100814819,,,
16250,0.00023511611224577938,-0.18406553741544485,9.519013557434082,0.10121715664863587,0.3146903783082962,0.18574129968881606,1.6084050583839415,0.43604056239128114,5.464342634677887,0.152860127389431,0.8637725412845612,0.8265293383598328,0.36667494297027586,,,
16300,0.00023379373602237316,-0.06340961344540119,9.054342937469482,0.10288585484027862,0.32030449151992796,0.18840968936681748,1.644445013999939,0.4738710767030716,3.8815216779708863,0.15413519650697707,0.8497450411319732,0.8139018750190735,0.36713012218475344,,,
16350,0.00023247198196580586,-0.10188774741254747,9.120657172203064,0.10256216049194336,0.3211474949121475,0.18843522906303406,1.6706670284271241,0.46095510363578795,4.979792064428329,0.13823149889707564,0.8501687943935394,0.817066947221756,0.3669214153289795,,,
16400,0.00023115088885478655,-0.13934250857681035,9.381713008880615,0.10163514122366905,0.3171168637275696,0.1866592237353325,1.6309853196144104,0.4457238745689392,4.77404349565506,0.14772203400731088,0.8581050407886505,0.832661190032959,0.3667243432998657,,,
16450,0.0002298304954486329,-0.08690132908523082,9.052779693603515,0.10321725979447365,0.32257144391536713,0.18884288847446443,1.662878761291504,0.5007971727848053,5.165716563463211,0.16183334693312645,0.8427062904834748,0.797602413892746,0.36705153942108154,,,
16500,0.00022851084048613432,-0.14280643751844763,9.492671041488647,0.1021355938911438,0.3159657698869705,0.18804449260234832,1.6475973892211915,0.4584134736657143,4.76588663816452,0.15758091688156128,0.8547487950325012,0.8132448542118073,0.3670531797409058,,,
16550,0.00022719196268441484,-0.13299124136567117,9.232869863510132,0.10148197576403618,0.31915283262729643,0.18545803874731065,1.6193160152435302,0.44524722576141357,5.050976917743683,0.16230932131409645,0.8581725406646729,0.8227962267398834,0.3668428707122803,,,
16600,0.00022587390073779793,-0.07684138219803571,9.00429856300354,0.102697222083807,0.3238117843866348,0.18692669838666917,1.6443876647949218,0.47059862554073334,4.573715235590935,0.16311603039503098,0.8475312972068787,0.8101501715183258,0.36700600624084473,,,
16650,0.0002245566933166704,-0.07784671735018492,9.080048456192017,0.10413713455200195,0.3253235006332397,0.1893576639890671,1.6611987471580505,0.4687527102231979,4.545849584341049,0.14800245180726052,0.8472912859916687,0.8175315952301025,0.36739184856414797,,,
16700,0.00022324037906634855,-0.13514487436972558,9.278602895736695,0.10205773919820786,0.3183458948135376,0.18633486896753312,1.6199886107444763,0.4469432678818703,4.989168107509613,0.16011340603232382,0.8649750399589539,0.8050224649906158,0.3669484710693359,,,
16750,0.0002219249966059439,-0.15643285064026713,9.492969589233399,0.10133220836520195,0.317824040055275,0.18495843589305877,1.6151188254356383,0.4542317849397659,4.944835578203201,0.14544201999902726,0.8533512926101685,0.8284795868396759,0.367234034538269,,,
16800,0.00022061058452723064,-0.07470299940556288,9.134785699844361,0.10351063385605812,0.32345988631248473,0.18758435517549515,1.648324511051178,0.4710022148489952,4.139818896055221,0.17517510309815407,0.852691285610199,0.7956980359554291,0.36739134311676025,,,
16850,0.0002192971813935128,-0.11344544028863311,9.464169044494628,0.10287639558315277,0.3217092424631119,0.18715334832668304,1.6414988160133361,0.44909199327230453,3.9610567739605904,0.1608833272755146,0.8595637929439545,0.8083179378509522,0.3669078826904297,,,
16900,0.00021798482573849343,-0.19456150695681573,9.488146781921387,0.1012758769094944,0.3166293430328369,0.1852215674519539,1.6121603894233703,0.42697260916233065,5.911855747699738,0.15226608380675316,0.8659912896156311,0.8241187286376953,0.3667971134185791,,,
16950,0.00021667355606514338,-0.09703525364398956,9.177715578079223,0.10168260455131531,0.3191675555706024,0.18575728565454483,1.633231589794159,0.49301763832569123,4.610857034958899,0.15866121292114257,0.8448137891292572,0.8150902080535889,0.3668214416503906,,,
17000,0.00021536341084457263,-0.08890412701293826,9.137199029922485,0.10351268514990807,0.3214707499742508,0.18920917361974715,1.65756986618042,0.4689857065677643,4.568924899697304,0.15855315208435058,0.85204754114151,0.8231106889247894,0.3669456100463867,,,
17050,0.00021405442851490057,-0.13111794969066978,9.355029706954957,0.10231248393654824,0.31950500428676604,0.18750303506851196,1.640836420059204,0.46838218688964844,5.012121734321117,0.15996679291129112,0.8526262938976288,0.8281342029571533,0.36711105823516843,,,
17100,0.00021274664748012896,-0.13743307637982072,9.497138862609864,0.10049284264445305,0.3132569742202759,0.186240057349205,1.605752294063568,0.45267927199602126,4.068984062373638,0.15548522055149078,0.8587875437736511,0.8020258927345276,0.3666851234436035,,,
17150,0.00021144010610901493,-0.12723148174583912,9.174545230865478,0.1026732286810875,0.32005087673664095,0.188281831741333,1.6576679015159608,0.4861559373140335,5.78546025276184,0.1439567442238331,0.8432975423336029,0.8319922602176666,0.36680912017822265,,,
17200,0.0002101348427339452,-0.143985787210986,9.317843980789185,0.102012889534235,0.31675291538238526,0.18801508605480194,1.6291406893730163,0.459662652015686,5.2636869597435,0.13623925127089023,0.8569150388240814,0.8078699886798859,0.36712711334228515,,,
17250,0.0002088308956498121,-0.1499222641158849,9.284277687072754,0.10074908956885338,0.316708163022995,0.18501087933778762,1.6035191750526427,0.43014757573604584,5.060124851688743,0.15201253563165665,0.8688112938404083,0.827642971277237,0.3691311264038086,,,
17300,0.0002075283031128887,-0.13431078212335706,9.320206089019775,0.1020361465215683,0.3171833348274231,0.18621521979570388,1.622530460357666,0.4535172247886658,4.830130732059478,0.13936883553862572,0.8588512873649597,0.8255897128582,0.3669403505325317,,,
17350,0.00020622710333970804,-0.07835961070843041,9.134854612350464,0.10289070174098015,0.32330908000469205,0.18758288145065308,1.6576988005638122,0.4642786121368408,4.182101109102368,0.14581798166036605,0.8490475392341614,0.8109796273708344,0.3667412185668945,,,
17400,0.00020492733450594065,-0.12390489323064685,9.194689960479737,0.10238512054085731,0.31983166217803954,0.18741072565317154,1.6483258247375487,0.4552526384592056,5.232550910934806,0.15719371110200883,0.8551537883281708,0.8185296761989593,0.36677653789520265,,,
17450,0.00020362903474527514,-0.14101107336580754,9.287511339187622,0.10370726421475411,0.3183790802955627,0.19008679568767547,1.653746156692505,0.4435956111550331,5.42090069770813,0.14853583857417108,0.8601737904548645,0.8265984582901001,0.3666284799575806,,,
17500,0.0002023322421482991,-0.07341802081093192,9.065967988967895,0.10237770244479179,0.3248255854845047,0.18610078006982803,1.6432124638557435,0.4746707439422607,4.27654217094183,0.1479562710225582,0.8485400402545928,0.8109083068370819,0.36722125053405763,,,
17550,0.00020103699476138202,-0.10653470490127802,9.376699914932251,0.10185877695679664,0.31880579590797425,0.18584552496671677,1.6188158988952637,0.475191605091095,3.9805490982532503,0.15625762149691583,0.8512475419044495,0.80612832903862,0.366892614364624,,,
17600,0.00019974333058555841,-0.17323727697134017,9.395248861312867,0.10132683739066124,0.31740732908248903,0.1864176547527313,1.6195096921920777,0.4386038562655449,5.714988350272178,0.15189403861761094,0.8560600423812866,0.8266233718395233,0.3671042203903198,,,
17650,0.0001984512875754135,-0.14145253863185644,9.266972122192383,0.1011201611161232,0.3163622850179672,0.18509262561798095,1.6057003593444825,0.45201957285404204,5.077928276881575,0.15652702540159225,0.8605012917518615,0.8074083912372589,0.36678141593933106,,,
17700,0.00019716090363796907,-0.11694406379014254,9.398388376235962,0.1019214390218258,0.31851971983909605,0.1873589822649956,1.6254881858825683,0.47640274226665497,4.320110100619495,0.15661548241972922,0.8502375400066375,0.8099268007278443,0.3670569086074829,,,
17750,0.00019587221663157215,-0.14659555535763502,9.403959875106812,0.10204197764396668,0.31705481886863707,0.1870424285531044,1.6283948636054992,0.4458360621333122,4.917941643595696,0.1339875863492489,0.8586137926578522,0.833895230293274,0.3666534328460693,,,
17800,0.00019458526436478331,-0.14625390611588954,9.388628873825073,0.10245086804032326,0.3201382398605347,0.18662987798452377,1.6331075716018677,0.46829978346824647,5.347703679203987,0.14701163209974766,0.8560187888145446,0.806585717201233,0.36664557456970215,,,
17850,0.0001933000845952683,-0.17117034238763154,9.498894395828247,0.10099462687969207,0.3152486902475357,0.18704092592000962,1.6164634156227111,0.43715189218521117,5.16224937736988,0.13585477203130722,0.8627562892436981,0.8269769716262817,0.36647275447845457,,,
17900,0.00019201671502868956,-0.1741032305639237,9.398652172088623,0.10079093381762505,0.31711874127388,0.1850612536072731,1.6188547682762147,0.4753678184747696,6.042320536375046,0.1444453105330467,0.8452637910842895,0.8162408137321472,0.3668036842346191,,,
17950,0.00019073519331760065,-0.10030765814706682,9.275432529449462,0.10298447236418724,0.3222720384597778,0.1873429661989212,1.65763680934906,0.4660740754008293,4.422956599295139,0.14230625182390214,0.8501375436782836,0.818704833984375,0.36673218727111817,,,
18000,0.00018945555706034094,-0.1396907745115459,9.374957904815673,0.1020487004518509,0.3197046810388565,0.18741766303777696,1.6520594596862792,0.46677077293395997,5.255211705490947,0.14079105064272882,0.8537500429153443,0.8193325662612915,0.36665462493896483,10.778203886623183,13.932170779638302,0.8448219245617459
18050,0.00018817784379993285,-0.15596662923693658,9.581107158660888,0.10208053827285767,0.31817216753959654,0.18641754359006882,1.635014410018921,0.45973652571439744,4.86308093290776,0.13869414284825324,0.8541900384426117,0.8331996417045593,0.5068835687637329,,,
18100,0.00018690209102298043,-0.15501234047114848,9.273067903518676,0.10286721527576446,0.32263880848884585,0.18615702599287032,1.6378248381614684,0.4527302360534668,5.991970565319061,0.14632793791592122,0.8571837878227234,0.8211358082294464,0.36701651096343996,,,
18150,0.00018562833615856937,-0.17440203422680498,9.446193208694458,0.10067261949181557,0.31535440146923066,0.1851522544026375,1.6084564304351807,0.4544480454921722,5.5527269077301025,0.14401405900716782,0.8511550390720367,0.8197139513492584,0.3671493291854858,,,
18200,0.00018435661657716906,-0.10856489771977067,9.270009441375732,0.10189174875617027,0.3205159133672714,0.18587519675493241,1.6253400373458862,0.4713466918468475,4.464031967520714,0.1542955769598484,0.8486925423145294,0.8125456380844116,0.3670435857772827,,,
18250,0.000183086969589536,-0.17533438470214605,9.529809007644653,0.10113758280873299,0.31698653876781463,0.1850952100753784,1.619295494556427,0.4369999808073044,5.294861516468227,0.15761193081736566,0.862346293926239,0.8081223917007446,0.3670991897583008,,,
18300,0.0001818194324456192,-0.1316281920298934,9.34523522377014,0.1039626432955265,0.3236873209476471,0.18949436634778977,1.6663250994682313,0.4435808145999908,5.169327456951141,0.14275245487689972,0.8630625414848327,0.8277335226535797,0.3665830755233765,,,
18350,0.00018055404233346736,-0.18678621500730513,9.488440170288087,0.10153147339820862,0.31608165323734283,0.18584448873996734,1.6205282425880432,0.45316626369953156,5.948282645940781,0.14168557032942772,0.8571362936496735,0.8318083417415619,0.37209301948547363,,,
18400,0.0001792908363781379,-0.12414700360968708,9.248772134780884,0.10239745035767556,0.3208415025472641,0.18691924095153808,1.6355570983886718,0.45755566000938414,5.018880509138107,0.15207583844661712,0.8573112905025482,0.818751939535141,0.3679414939880371,,,
18450,0.00017802985164060744,-0.11627054768614471,9.275635995864867,0.10212564066052437,0.3181403124332428,0.1871916601061821,1.6316315293312074,0.4467992547154427,4.429033582881093,0.1474907824397087,0.8548925387859344,0.8275147986412048,0.36690367221832276,,,
18500,0.00017677112511668494,-0.11114075982943178,9.134116668701171,0.10246138244867325,0.3243402010202408,0.18635904520750046,1.652021474838257,0.48985452830791476,5.515923620462417,0.15357339717447757,0.8455000388622284,0.8180379009246826,0.36708223819732666,,,
18550,0.0001755146937359257,-0.10474529660306871,9.166283197402954,0.10243444815278054,0.32488587737083435,0.1859165495634079,1.6474890565872193,0.4762411880493164,5.034716413021088,0.14918111607432366,0.8459487891197205,0.8125473284721374,0.36677475929260256,,,
18600,0.0001742605943605486,-0.16054740307852625,9.540001182556152,0.10037357524037362,0.3158595323562622,0.18368224382400514,1.6022949290275574,0.45076871693134307,4.703818957889452,0.1507982438802719,0.8608037900924682,0.8088112008571625,0.36685958862304685,,,
18650,0.00017300886378435393,-0.15439430503174661,9.394966735839844,0.10082531154155731,0.31647653579711915,0.18545344561338425,1.6254444074630738,0.47031122505664824,5.375761711895466,0.1451018399000168,0.8475262928009033,0.8278431713581085,0.3663726282119751,,,
18700,0.0001717595387316444,-0.17236940504051745,9.502684841156006,0.10133481293916702,0.3170613998174667,0.18540772706270217,1.611412560939789,0.4728721386194229,5.5784254211187365,0.1417833797633648,0.8502112936973572,0.8272830724716187,0.36640105247497556,,,
18750,0.0001705126558561473,-0.16518883852288127,9.450776376724242,0.10094445526599884,0.31351101815700533,0.18654034346342085,1.611540002822876,0.44911587178707124,5.167748934328556,0.14921895608305932,0.8558500409126282,0.8174602520465851,0.3668105411529541,,,
18800,0.00016926825173993934,-0.1593464118987322,9.334871673583985,0.10101726204156876,0.31797819256782534,0.1848791465163231,1.6073482012748719,0.4548462390899658,5.527708217054606,0.1517859071493149,0.8579512917995453,0.8295948112010956,0.3665312337875366,,,
18850,0.00016802636289237362,-0.14638872657902538,9.272983894348144,0.10192654773592949,0.3189155089855194,0.18665546536445618,1.6232157754898071,0.4464413574337959,5.367017151713371,0.13011847190558912,0.8554262888431549,0.8368846869468689,0.3666256523132324,,,
18900,0.00016678702574900783,-0.14700231151655316,9.445106143951415,0.10129832699894906,0.3179370242357254,0.1860775175690651,1.6140179777145385,0.48659357368946077,5.105621963739395,0.13673369273543357,0.845551290512085,0.8030142450332641,0.366825213432312,,,
18950,0.00016555027667053594,-0.12707526221871376,9.20174072265625,0.10134211376309395,0.3178542894124985,0.18570643663406372,1.6095911812782289,0.44179154455661773,4.789724066611379,0.14853014826774597,0.8600175392627716,0.8118953311443329,0.366469144821167,,,
19000,0.00016431615194172094,-0.1909727319329977,9.59090217590332,0.10169518113136292,0.3150987070798874,0.18601069062948228,1.6048593258857726,0.4462838315963745,5.5675939410924915,0.15382399246096612,0.8606825387477874,0.8017612928152085,0.36674444198608397,,,
19050,0.00016308468777033084,-0.1354794988874346,9.41847511291504,0.10240583062171936,0.31910044491291045,0.18710299372673034,1.6403097462654115,0.44537018358707425,4.66744962066412,0.14162664994597435,0.8584250354766846,0.8148486042022705,0.36663472175598144,,,
19100,0.00016185592028607546,-0.11778203014284372,9.358012609481811,0.10284170657396316,0.3239595180749893,0.18704424023628236,1.66111487865448,0.45252216786146165,4.649730499684811,0.13234064415097235,0.8578237903118133,0.8063574385643005,0.3669148302078247,,,
19150,0.00016062988553954756,-0.14481956570409238,9.323678846359252,0.10119112968444824,0.3157795512676239,0.18708408147096633,1.6310972547531128,0.45850117087364195,5.213072979450226,0.1414962401986122,0.8527950417995452,0.8280001878738403,0.36688719272613524,,,
19200,0.00015940661950116414,-0.15793088213540613,9.476427488327026,0.10181528270244598,0.3192569583654404,0.18553848564624786,1.62335773229599,0.44134456276893613,5.02604491353035,0.1336904502660036,0.8654087913036347,0.82155198097229,0.3664320182800293,,,
19250,0.00015818615806011195,-0.2021624808385968,9.620349435806274,0.10274985417723656,0.31874877035617827,0.18784797310829163,1.6415354013442993,0.43906877636909486,6.156649199724197,0.13382437363266944,0.8618712890148162,0.8218337392807007,0.3665223503112793,,,
19300,0.0001569685370232938,-0.17982217664830386,9.5281148147583,0.1001930445432663,0.314333456158638,0.1849437701702118,1.604172568321228,0.4520217451453209,5.36781926959753,0.1514643208682537,0.8561975407600403,0.8259132730960846,0.3664544153213501,,,
19350,0.00015575379211427864,-0.1567242415435612,9.387625350952149,0.10164646580815315,0.3158225154876709,0.1876354080438614,1.6194603872299194,0.46723879396915435,5.414558548927307,0.1330346241593361,0.849175044298172,0.8207449066638947,0.36654421806335447,,,
19400,0.00015454195897225304,-0.1791091165319085,9.471183776855469,0.1010198438167572,0.31604490995407103,0.18635714143514634,1.6316727948188783,0.47731139391660693,6.034436477422714,0.13084972590208055,0.8482175385951995,0.8240586149692536,0.366917142868042,,,
19450,0.000153333073150976,-0.18613872844725848,9.499374341964721,0.10072209611535073,0.3111758852005005,0.1875618240237236,1.6100448417663573,0.4476331332325935,5.5681240224838255,0.1275399349629879,0.8573387897014618,0.8141067898273469,0.36658522605895993,,,
19500,0.00015212717011773517,-0.18398303356021642,9.621872825622559,0.10117045074701309,0.3171348196268082,0.18602177411317825,1.6197336959838866,0.4556611102819443,5.459457337670028,0.1446219976246357,0.8532400393486023,0.8112985551357269,0.36695791721343995,,,
19550,0.0001509242852523072,-0.18252668677829206,9.536348762512207,0.10018576622009277,0.31299525380134585,0.1858319890499115,1.5998355770111083,0.43657313764095307,5.188320429623127,0.13776254080235958,0.8636662912368774,0.8233668887615204,0.36639904975891113,,,
19600,0.00014972445384591886,-0.18116655591875314,9.703354568481446,0.09963830411434174,0.3131658720970154,0.18304253578186036,1.590363552570343,0.4414053043723106,4.5367607015371325,0.14120986595749854,0.8598850405216217,0.8303702807426453,0.3668205261230469,,,
19650,0.00014852771110021216,-0.15351913892664015,9.43575364112854,0.10168349921703339,0.31590308725833893,0.18664027273654937,1.6153707695007324,0.47332149982452393,5.19128443479538,0.14290985092520714,0.8475750398635864,0.8163483989238739,0.3667683839797974,,,
19700,0.0001473340921262116,-0.16097067137248813,9.419526672363281,0.100287264585495,0.31356737673282625,0.18445487231016158,1.5941211843490601,0.42041571855545046,4.654646259248256,0.1296268729120493,0.8698587894439698,0.8386970520019531,0.36662041187286376,,,
19750,0.00014614363194329367,-0.16288096334785224,9.534136257171632,0.10084031581878662,0.3158601599931717,0.18607333540916443,1.6115992164611816,0.46429838597774503,5.021526569128037,0.14093274012207985,0.8532587862014771,0.8192399120330811,0.36661764144897463,,,
19800,0.0001449563654781597,-0.17136158239096402,9.57135612487793,0.10055054754018783,0.31743055403232573,0.18379476368427278,1.614617555141449,0.4621512049436569,5.217820376157761,0.15240495547652244,0.8559187889099121,0.8062084829807281,0.3665801477432251,,,
19850,0.00014377232756381103,-0.1990120240394026,9.526308298110962,0.10047158494591713,0.312172674536705,0.18634818315505983,1.5932461786270142,0.41956020951271056,5.554446920752525,0.14372412875294685,0.8717262935638428,0.8317913961410522,0.36643433570861816,,,
19900,0.00014259155293852742,-0.17606710928492247,9.631457080841065,0.10054552942514419,0.31167501628398897,0.18616488188505173,1.6110444355010987,0.43524993121623995,4.680297383666039,0.13267293982207776,0.863968790769577,0.8282293140888214,0.3666769218444824,,,
19950,0.00014141407624484716,-0.19472645700909197,9.64107403755188,0.10054739817976951,0.3129286259412766,0.18688363641500472,1.600617437362671,0.4573547226190567,5.480018755793571,0.1382099723815918,0.8557712924480438,0.8316045689582825,0.366611065864563,,,
20000,0.00014023993202855143,-0.19224248536862432,9.527386140823364,0.10056370690464973,0.31204958498477936,0.18705863386392593,1.6023957300186158,0.47244260340929034,5.92192196726799,0.1442196299135685,0.8520762920379639,0.8187088000774384,0.3670275592803955,10.88827135382841,14.042238246843528,0.8493026822576436
20050,0.0001390691547376502,-0.21053486865013837,9.586203556060791,0.10087063536047935,0.3174564093351364,0.18440403044223785,1.6112863898277283,0.44002259612083433,6.233895479440689,0.1438008539378643,0.8648900425434113,0.813876166343689,0.5072003602981567,,,
20100,0.00013790177872137206,-0.1703321423754096,9.458929529190064,0.10243042066693306,0.3188654798269272,0.18687035799026488,1.6417578196525573,0.46376192569732666,5.865516571998596,0.1337834593653679,0.8581937885284424,0.8061616122722626,0.36726428508758546,,,
20150,0.000136737838229156,-0.13796015264466405,9.399161195755005,0.10171416103839874,0.3198553460836411,0.18495552033185958,1.625320727825165,0.46389423191547396,4.896301994100213,0.15112915359437465,0.8545350432395935,0.8174236738681793,0.366821665763855,,,
20200,0.00013557736740964682,-0.2020405357889831,9.67254482269287,0.10070166558027267,0.31429471969604494,0.1853000593185425,1.6039768004417418,0.4569266667962074,5.659221231341362,0.13061644665896893,0.8544775426387787,0.804437358379364,0.36729213714599607,,,
20250,0.0001344204003096932,-0.13725815776735545,9.376964626312256,0.10163171842694282,0.3198299950361252,0.18620742440223695,1.6336567759513856,0.45439192235469816,4.877151064947247,0.12759939908981324,0.8583062875270844,0.8362071824073791,0.36706956386566164,,,
20300,0.00013326697087334897,-0.18677324756979943,9.596815252304078,0.10017542600631714,0.31264149367809296,0.1840226936340332,1.5795091128349303,0.4374282968044281,4.9712603491544725,0.1378411266207695,0.8672975420951843,0.8153403806686401,0.366864275932312,,,
20350,0.0001321171129408768,-0.1922395125962794,9.669469833374023,0.09988996148109436,0.3134694439172745,0.18397306948900222,1.5896610069274901,0.4432932189106941,5.049836165308952,0.13462128974497317,0.8600925385951996,0.8204356360435486,0.36679749011993407,,,
20400,0.00013097086024775576,-0.16949733102694153,9.529395170211792,0.10164642751216889,0.3139778190851212,0.18777836889028549,1.6118931436538697,0.45390953540802004,5.121837620735168,0.13176140643656253,0.8564975392818451,0.826042799949646,0.3668163108825684,,,
20450,0.0001298282464236916,-0.19339069800451397,9.493962993621826,0.10081405609846116,0.3130511248111725,0.18654087781906128,1.5929921960830689,0.45166044592857363,5.821304966807365,0.13441464833915234,0.8607650458812713,0.8284606301784515,0.36701897621154783,,,
20500,0.00012868930499162966,-0.2053507499024272,9.66812370300293,0.09971971794962883,0.3127851241827011,0.18362466901540755,1.5784922885894774,0.4129203888773918,5.096633286774159,0.14387633681297302,0.8689337873458862,0.8446044933795929,0.3670828104019165,,,
20550,0.00012755406936677184,-0.19182879999279975,9.718918504714965,0.10082578197121621,0.3144639205932617,0.18520188122987746,1.602601490020752,0.44407842695713046,5.043851954638958,0.1356903211772442,0.8582862889766694,0.8169822931289673,0.36692694664001463,,,
20600,0.0001264225728555959,-0.19989046426489948,9.73516269683838,0.10091327488422394,0.31397176802158355,0.18607188820838927,1.615883343219757,0.43963131606578826,5.275635333061218,0.12244395162910222,0.8600000381469727,0.819408802986145,0.3667789506912231,,,
20650,0.00012529484865487838,-0.1550106058921665,9.349706020355224,0.101633091121912,0.3203691238164902,0.18527940392494202,1.628417603969574,0.4260371589660645,5.279363071918487,0.14520384088158608,0.864206291437149,0.8352656424045563,0.36864147663116453,,,
20700,0.00012417092985072064,-0.1631190182082355,9.490472393035889,0.10122388407588005,0.3181306129693985,0.1845209553837776,1.6021381282806397,0.4534572130441666,5.064650916010141,0.13384364649653435,0.8548600399494171,0.8184870660305024,0.3670633888244629,,,
20750,0.0001230508494175785,-0.21869226086884738,9.820080327987672,0.10030530020594597,0.3117717790603638,0.186457759141922,1.6008625316619873,0.4351431834697723,5.39441919207573,0.12836972251534462,0.858878790140152,0.8315378606319428,0.3670812749862671,,,
20800,0.00012193464021729395,-0.1438823923096061,9.399973430633544,0.10181128695607185,0.31821674048900606,0.18638213634490966,1.6171939373016357,0.4618853616714478,4.9439984193444255,0.12975694999098777,0.8543975365161895,0.8166928160190582,0.367020788192749,,,
20850,0.0001208223349981321,-0.21128228653222322,9.695926961898804,0.09976706728339195,0.31044707596302035,0.18477995306253434,1.5935428404808045,0.44583281487226484,5.534844629764557,0.1249844142794609,0.8575475442409516,0.8266210305690765,0.3669315052032471,,,
20900,0.00011971396639381943,-0.19355053663253785,9.459896879196167,0.10143206596374511,0.3164349383115768,0.1868389841914177,1.6128383779525757,0.4462007161974907,6.161892366409302,0.13898694314062596,0.8642975366115571,0.8211512362957001,0.3670366621017456,,,
20950,0.00011860956692258718,-0.19337239921092986,9.701823081970215,0.09986997783184051,0.3108469557762146,0.1845136594772339,1.5867004132270812,0.4311981737613678,4.762921023368835,0.13853957369923592,0.8618650364875794,0.8178658258914947,0.36690348148345947,,,
21000,0.00011750916898621634,-0.17732898120768367,9.539339609146118,0.10068320378661155,0.3151059103012085,0.18423014312982558,1.586589171886444,0.4219290721416473,4.850342836752534,0.14321124345064162,0.86592254281044,0.8377808368206024,0.36662116050720217,,,
21050,0.00011641280486908814,-0.16472478538751603,9.473809537887574,0.10126058414578437,0.31734720766544344,0.18602434456348418,1.6112487483024598,0.46233213603496554,5.321977358758449,0.13902018010616302,0.852628790140152,0.8038600730895996,0.36702197074890136,,,
21100,0.00011532050673723585,-0.18008988990448416,9.487972078323365,0.10150266572833061,0.31859588623046875,0.1853066924214363,1.6131808686256408,0.45565579682588575,5.791263402700424,0.14843504577875138,0.8564050412178039,0.8119514000415802,0.3667114210128784,,,
21150,0.00011423230663740194,-0.1515491398796439,9.380160150527955,0.10211875841021538,0.3170738261938095,0.1885039120912552,1.632217240333557,0.4462103945016861,5.201839894652367,0.1294353075325489,0.8612437975406647,0.8237532210350037,0.3667558240890503,,,
21200,0.00011314823649609711,-0.19217339288443328,9.417132263183595,0.10053039893507958,0.31674553990364074,0.18495007425546647,1.6046270799636841,0.45603753983974454,6.246398836374283,0.1286833158880472,0.8553675377368927,0.8317068898677826,0.36676926136016846,,,
21250,0.00011206832811866395,-0.17234169735573232,9.613066759109497,0.09944682121276856,0.3106741178035736,0.1845630618929863,1.5848126769065858,0.42833819627761843,4.296879180669785,0.13835009217262267,0.8654650390148163,0.8134056842327118,0.36667724609375,,,
21300,0.0001109926131883441,-0.1866081134043634,9.474023942947388,0.10007554575800896,0.3130115932226181,0.18475585401058198,1.587280375957489,0.45021322548389436,5.570535792708397,0.13752852246165276,0.8615300416946411,0.8203084909915924,0.36673085689544677,,,
21350,0.00010992112326534804,-0.15372688326053321,9.351854963302612,0.10135598048567772,0.3174276840686798,0.18704979836940766,1.6269275307655335,0.4579639661312103,5.444988159164787,0.1426993714272976,0.8534075403213501,0.819025114774704,0.3669351387023926,,,
21400,0.00010885388978592969,-0.1827734438702464,9.530360746383668,0.10106271848082543,0.3160153466463089,0.1855292135477066,1.5960882258415223,0.4603357544541359,5.562899545654655,0.14188844427466393,0.8509962928295135,0.7985578119754791,0.3667636966705322,,,
21450,0.00010779094406146375,-0.172777205593884,9.596813240051269,0.10045098766684532,0.31647691190242766,0.18405417412519454,1.6033964896202086,0.4214063113927841,4.6436017534136775,0.1393368773162365,0.8627925395965577,0.8326016342639924,0.36689579010009765,,,
21500,0.0001067323172775276,-0.1753043588809669,9.400893096923829,0.10120376870036125,0.31642145574092867,0.18709167510271071,1.6103853106498718,0.4795965987443924,6.052155484259129,0.13281735718250276,0.8443875348567963,0.8106782758235931,0.3667309045791626,,,
21550,0.0001056780404929855,-0.19852670453488827,9.639740686416626,0.10004257798194885,0.31602829694747925,0.18340364187955857,1.5891436767578124,0.474174736738205,5.735780555009842,0.1269533222913742,0.8460425412654877,0.8045552551746369,0.3673070335388184,,,
21600,0.00010462814463907832,-0.222965597063303,9.838508234024047,0.0999058149755001,0.31085967302322387,0.1844244733452797,1.5752808022499085,0.45191930532455443,5.427497684955597,0.1397077202796936,0.857311292886734,0.8285986042022705,0.3668159294128418,,,
21650,0.00010358266051851517,-0.2174946899432689,9.66993257522583,0.09989977359771729,0.31188661098480225,0.1837201952934265,1.5869526505470275,0.44621977776288985,5.841324023455382,0.1315878277271986,0.8607550382614135,0.8214864265918732,0.3669652032852173,,,
21700,0.00010254161880457043,-0.23705520741641523,9.809542255401611,0.09921128541231156,0.3100479769706726,0.18267182409763336,1.5490072083473205,0.4383968985080719,5.624817241542042,0.14524435818195344,0.8597300386428833,0.8339379262924195,0.36727845668792725,,,
21750,0.0001015050500401833,-0.24610869836993515,9.820270328521728,0.10027819842100144,0.3125527065992355,0.1856853437423706,1.5997264909744262,0.42831131875514983,6.244496107697487,0.12556054949760437,0.8670812904834747,0.8347821033000946,0.36679752349853517,,,
21800,0.00010047298463706189,-0.23198933988809586,9.875590076446533,0.09919806480407715,0.3102157086133957,0.18328847467899323,1.578341453075409,0.4051374450325966,5.091058544367552,0.13383185610175133,0.873390041589737,0.827290872335434,0.3667449140548706,,,
21850,9.944545287479101e-05,-0.21762864414602517,9.740554428100586,0.09895826667547226,0.3086898016929627,0.18300688296556472,1.5679287528991699,0.44666597664356233,5.370224179625511,0.14795698165893556,0.8610062873363495,0.8263452637195587,0.366761474609375,,,
21900,9.842248489994394e-05,-0.19060025822371243,9.556860771179199,0.10094783395528793,0.3148584204912186,0.18607576072216034,1.603306646347046,0.45112941682338714,5.6505606614798305,0.13947013475000858,0.8533300411701202,0.8242601084709168,0.367355055809021,,,
21950,9.74041107251976e-05,-0.19165834905579687,9.342917003631591,0.09999658942222595,0.31465469658374784,0.1843673613667488,1.5944975161552428,0.44507541358470915,6.223474054932594,0.139079280346632,0.8572150409221649,0.8408091402053833,0.3667943572998047,,,
22000,9.639036022845224e-05,-0.17513216137886048,9.473554811477662,0.10106267407536507,0.3181658059358597,0.1862689098715782,1.6289495873451232,0.4261489236354828,5.4148277740180495,0.11848820418119431,0.8658637928962708,0.8513742828369141,0.3665582084655762,11.021304893928269,14.175271786943387,0.8528232732596995
22050,9.538126315195501e-05,-0.1368920231796801,9.262072553634644,0.10195291414856911,0.31929891526699067,0.1873374053835869,1.6413461351394654,0.44370770543813703,5.194405027627945,0.12625598967075347,0.8656175374984741,0.8185906600952149,0.5090013885498047,,,
22100,9.437684910142698e-05,-0.18010686330497264,9.587502202987672,0.10080850020051002,0.31520301222801206,0.18517500638961792,1.607432882785797,0.44612737596035,5.1435213541053235,0.12120414964854717,0.8550600385665894,0.8385225808620453,0.36698250770568847,,,
22150,9.337714754519492e-05,-0.21888829998672008,9.57238512992859,0.10075143426656723,0.31215558588504794,0.1869062739610672,1.5999057078361512,0.4587752360105515,6.477405841946602,0.12159559413790703,0.8539887928962707,0.8111073124408722,0.3672062540054321,,,
22200,9.238218781332645e-05,-0.23776656325906514,9.854768209457397,0.09891966864466667,0.30899577498435976,0.1832550448179245,1.5588792443275452,0.4215321770310402,5.326785452961921,0.1277275064587593,0.8713925409317017,0.8438130557537079,0.3673353672027588,,,
22250,9.139199909676964e-05,-0.18549071900546552,9.646835298538209,0.10002038344740867,0.3129268854856491,0.18507974296808244,1.5841659855842591,0.43654817461967466,4.799238497316837,0.13802276462316512,0.8629125392436982,0.8231223082542419,0.36749729156494143,,,
22300,9.040661044649652e-05,-0.220032571926713,9.77673233985901,0.09962845593690872,0.3117664712667465,0.18325789123773575,1.58293066740036,0.4314438444375992,5.386515522897244,0.1368909977376461,0.8619025444984436,0.8242944622039795,0.367074818611145,,,
22350,8.94260507726511e-05,-0.20817254012450576,9.733854913711548,0.09935205787420273,0.3133212625980377,0.18327570140361785,1.5888963794708253,0.41370016396045683,5.023135468661785,0.1272333062440157,0.8710862922668458,0.8271991360187531,0.36698896408081055,,,
22400,8.845034884370057e-05,-0.2209584779664874,9.72014253616333,0.09961096197366714,0.31318542659282683,0.18354842841625213,1.5780171680450439,0.4201965034008026,5.526640573740005,0.14663408920168877,0.8696800410747528,0.8235728287696839,0.3672926807403564,,,
22450,8.747953328559185e-05,-0.17591947966255247,9.436864814758302,0.09998666271567344,0.31343258917331696,0.18528546184301375,1.5974412417411805,0.45776852309703825,5.493830921100453,0.13516489416360855,0.8555637931823731,0.8251320850849152,0.3668435335159302,,,
22500,8.651363258091125e-05,-0.21288647210225464,9.585403499603272,0.10057862892746926,0.31391314685344696,0.1871965903043747,1.6247925305366515,0.4487896704673767,6.368547562360764,0.12928319916129113,0.8580937910079957,0.8200380825996398,0.367210750579834,,,
22550,8.555267506804935e-05,-0.22353616879321636,9.945765857696534,0.09894219845533371,0.30786958038806916,0.1833176752924919,1.5608255076408386,0.4266913169622421,4.572404943406582,0.12465989693999291,0.8622250390052796,0.8362225925922394,0.3664336490631104,,,
22600,8.459668894036907e-05,-0.17273488062433898,9.437619857788086,0.1014167170226574,0.3187382686138153,0.1845502072572708,1.607727153301239,0.4487132292985916,5.591305994093418,0.14173687651753425,0.8576137900352478,0.8239996290206909,0.3669061899185181,,,
22650,8.364570224537881e-05,-0.1916914363950491,9.685605535507202,0.10003451228141785,0.3147181224822998,0.18515425443649292,1.5918684458732606,0.445251821577549,5.063282716274261,0.13038921862840652,0.8559562945365906,0.8229044437408447,0.36670024871826173,,,
22700,8.269974288390939e-05,-0.20504447976127266,9.795539207458496,0.1001147611439228,0.3107168012857437,0.18416683733463288,1.580943624973297,0.44311055421829226,4.903395692408085,0.12815647564828395,0.8616012907028199,0.8197032833099365,0.3664368486404419,,,
22750,8.175883860929587e-05,-0.2070823867805302,9.658884296417236,0.09914453655481338,0.3127009379863739,0.18346928745508195,1.5838951325416566,0.43971535086631774,5.451400780677796,0.13536353051662445,0.8586075389385224,0.8250792109966278,0.36652336597442625,,,
22800,8.082301702656273e-05,-0.18443999922834337,9.600773591995239,0.09996527209877967,0.31440515697002414,0.18402562767267228,1.594467921257019,0.44112132489681244,5.051456580758095,0.12745940797030925,0.8644450402259827,0.8110625755786895,0.3663860845565796,,,
22850,7.989230559161424e-05,-0.1850350347161293,9.466557664871216,0.101655053794384,0.3162940990924835,0.18597365617752076,1.6050584602355957,0.45462648928165433,5.8829576760530475,0.1393715925514698,0.8572462892532349,0.8257095515727997,0.36657812118530275,,,
22900,7.896673161042922e-05,-0.21692045313306152,9.707779865264893,0.10118364289402962,0.3169064635038376,0.18557619899511338,1.6174409151077271,0.43595154166221617,6.014628141522407,0.12519544564187526,0.862490041255951,0.8072099459171295,0.36671756267547606,,,
22950,7.804632223825941e-05,-0.22700099486857653,9.766678104400635,0.0997965507209301,0.31034619629383087,0.18407719045877458,1.5823314046859742,0.45785096406936643,5.857176549583674,0.12389299385249615,0.8555112910270691,0.8271118950843811,0.3665189552307129,,,
23000,7.713110447883302e-05,-0.20053410034626723,9.64725426673889,0.09970150828361511,0.3149548614025116,0.18364182621240616,1.593284661769867,0.4280709967017174,5.306299004554749,0.1310631439089775,0.8689587903022766,0.8361309015750885,0.3666745805740356,,,
23050,7.622110518356241e-05,-0.1626879395917058,9.490350103378296,0.10129270687699318,0.31745840191841124,0.1862536120414734,1.6147382926940919,0.4455850374698639,5.0379525537788865,0.124705930352211,0.8581687879562377,0.8161715245246888,0.3666989278793335,,,
23100,7.531635105075655e-05,-0.19481989507563413,9.535704879760742,0.09972224682569504,0.31061280250549317,0.1854908874630928,1.5930489897727966,0.4290699577331543,5.366560834795236,0.12868652269244193,0.8646437907218933,0.852093254327774,0.3666731595993042,,,
23150,7.441686862483726e-05,-0.2225229856930673,9.753525352478027,0.09979355484247207,0.3128949320316315,0.18420024275779723,1.5874058437347411,0.4397606214880943,5.702550376057625,0.1309630785882473,0.8625500440597534,0.8440871858596801,0.3666855478286743,,,
23200,7.352268429556094e-05,-0.23271102148108183,9.922364768981934,0.09901309341192245,0.30652603805065154,0.18527134001255036,1.5842470359802245,0.43193013340234754,5.120479574203491,0.11181718178093433,0.8662550389766693,0.8473237228393554,0.3667295026779175,,,
23250,7.263382429724376e-05,-0.17107112649828196,9.469493045806885,0.10243267491459847,0.31853250324726107,0.18772172778844834,1.6425560021400452,0.43961904108524325,5.609882416725159,0.12992108672857283,0.862447544336319,0.818008748292923,0.37406024932861326,,,
23300,7.175031470799257e-05,-0.1639179682545364,9.51871992111206,0.10234486773610114,0.31983423709869385,0.18840949565172196,1.6429496884346009,0.4191757678985596,5.029647315144539,0.11597660914063454,0.8627487921714783,0.835841008424759,0.36685442447662353,,,
23350,7.087218144893938e-05,-0.20105116171762347,9.609946231842041,0.09999101087450982,0.31363391876220703,0.1851725646853447,1.6086378264427186,0.4493188861012459,5.728248244524002,0.12181978851556778,0.8550362861156464,0.821267101764679,0.3674595737457275,,,
23400,6.999945028348096e-05,-0.19743638444691897,9.54099663734436,0.09998463824391365,0.31342468678951263,0.18580849081277848,1.6012631845474243,0.4320806455612183,5.620963199138641,0.12526952654123305,0.8628900408744812,0.8281995499134064,0.3670792102813721,,,
23450,6.9132146816523e-05,-0.18417062098160386,9.685477094650269,0.1006069815158844,0.31567149102687836,0.1853528228402138,1.6089388132095337,0.42353223741054535,4.756347407735884,0.1267153477668762,0.866720039844513,0.8279841363430023,0.3668029832839966,,,
23500,6.82702964937291e-05,-0.1635544959269464,9.45101574897766,0.10150580033659935,0.31873282074928283,0.18510461390018462,1.617130870819092,0.44675960421562194,5.278743289113045,0.1337065203487873,0.8597550439834595,0.8205488550662995,0.3672515535354614,,,
23550,6.741392460077372e-05,-0.20782749637030065,9.642928295135498,0.1004156719148159,0.3154428333044052,0.18555013388395308,1.6071868872642516,0.42482981890439986,5.683996465653181,0.13150734372437,0.868662542104721,0.8418662428855896,0.3668982458114624,,,
23600,6.656305626260092e-05,-0.20986988164950163,9.742507190704346,0.09919135987758637,0.30974397480487825,0.1844104754924774,1.5789877223968505,0.4251981940865517,4.982986437380314,0.12509902827441693,0.8677062857151031,0.8370052695274353,0.36699417114257815,,,
23650,6.57177164426868e-05,-0.20607512909919024,9.585217552185059,0.10124456539750099,0.31846696078777315,0.1851958552002907,1.6201811742782593,0.44487477600574493,6.217645425796508,0.12414119377732277,0.8562725353240966,0.8206895005702972,0.3666133451461792,,,
23700,6.48779299423071e-05,-0.20885706577450036,9.65160020828247,0.09970534771680832,0.3128211224079132,0.18408749610185624,1.5862225699424743,0.4363872826099396,5.512663362249732,0.11538907662034034,0.8625412893295288,0.8456358492374421,0.36652681350708005,,,
23750,6.404372139981006e-05,-0.21307206307537854,9.622562160491944,0.0989833763241768,0.31318136751651765,0.18166354566812515,1.5610594964027404,0.4083247956633568,5.2963289687037465,0.13401761338114737,0.8734675395488739,0.8372843873500824,0.36688975811004637,,,
23800,6.321511528989289e-05,-0.21494014053605498,9.84726188659668,0.09799469992518425,0.30949134469032286,0.18181172639131546,1.561166853904724,0.43204196482896806,4.680704511702061,0.12663356602191925,0.8669812917709351,0.8143227064609527,0.36649666786193846,,,
23850,6.239213592288407e-05,-0.26691430754959583,9.973435287475587,0.09927780419588089,0.3071873515844345,0.18496807873249055,1.573262152671814,0.434261072576046,6.095992191433907,0.12845323592424393,0.8661462914943695,0.8127195417881012,0.36695329189300535,,,
23900,6.15748074440301e-05,-0.17988460890948774,9.755221681594849,0.09874133631587029,0.31223654866218564,0.1825828555226326,1.5804487442970276,0.4430947613716125,4.177020198106765,0.12354508802294731,0.8552537894248963,0.8234781420230866,0.3665692138671875,,,
23950,6.076315383278714e-05,-0.21340978178195655,9.702564210891724,0.10085034623742103,0.3144804531335831,0.18480774730443955,1.5990919589996337,0.42043854743242265,5.524958949089051,0.11744683831930161,0.8634762871265411,0.8517081618309021,0.36668342113494873,,,
24000,5.995719890211728e-05,-0.19240437771193683,9.573100090026855,0.10120776012539863,0.3160247242450714,0.18630503505468368,1.6179415488243103,0.45587176233530047,5.805224868059159,0.11177081428468227,0.8574412930011749,0.825530903339386,0.36683216094970705,11.101690120995045,14.255657014010163,0.8540553876729403
24050,5.915696629779017e-05,-0.2144623995013535,9.73482933998108,0.09955235794186593,0.31140321791172026,0.18325076818466188,1.5681912517547607,0.41298425167798997,5.017905323207378,0.12186759024858475,0.8710625386238098,0.848619568347931,0.5075145673751831,,,
24100,5.836247949768893e-05,-0.24461758146993817,9.915147514343262,0.09805810913443565,0.3072380661964417,0.18240237414836882,1.5609655046463013,0.44127095937728883,5.472437438592315,0.1295805412530899,0.8558125388622284,0.8312784087657928,0.36967955112457274,,,
24150,5.757376181112185e-05,-0.19641450894996523,9.612491340637208,0.10057862654328346,0.31594011902809144,0.1845628046989441,1.6139646887779235,0.42698753088712693,5.472152828872204,0.12444866470992565,0.8620350420475006,0.827601262331009,0.36723497867584226,,,
24200,5.67908363781379e-05,-0.21826740071177483,9.622622718811035,0.09901081502437592,0.3120908886194229,0.18218663454055786,1.5634496402740479,0.44105284571647646,5.79198763936758,0.1398206754028797,0.8583412945270539,0.8333705961704254,0.36731460094451907,,,
24250,5.60137261688483e-05,-0.21683146771974862,9.572894992828369,0.10044834777712822,0.31431391775608064,0.18515041947364808,1.5973440623283386,0.4423444038629532,6.287202069759369,0.13189154595136643,0.8625800383090972,0.8217405080795288,0.36716278076171877,,,
24300,5.5242453982752376e-05,-0.21109634294174612,9.617378635406494,0.10123759672045708,0.31788199007511136,0.18538640350103378,1.6080900096893311,0.45369340538978575,6.277628526091576,0.13017714448273182,0.8541850423812867,0.8192971014976501,0.36707161903381347,,,
24350,5.447704244806891e-05,-0.2656989606004208,9.886797180175781,0.09774825349450111,0.3090090411901474,0.18111441135406495,1.545479052066803,0.4265963217616081,6.074534115977586,0.14100940883159638,0.8645850431919098,0.834104825258255,0.3668535852432251,,,
24400,5.371751402107183e-05,-0.21173677945509553,9.744210634231568,0.10006647333502769,0.31069340884685515,0.18572345584630967,1.5893728423118592,0.4462233906984329,5.379461919665337,0.11699299179017544,0.8593550431728363,0.8333935797214508,0.3667028474807739,,,
24450,5.2963890985431655e-05,-0.1863821240141988,9.585666255950928,0.09901578977704048,0.3102709293365479,0.18480940878391267,1.5811146712303161,0.4493281337618828,4.970190235674381,0.11078620664775371,0.8552225399017334,0.8259459853172302,0.36704737186431885,,,
24500,5.221619545156184e-05,-0.21448697173967957,9.666543006896973,0.10084360271692276,0.3156147396564484,0.18490779131650925,1.6064452862739562,0.4235214617848396,5.828337944746018,0.13482610493898392,0.8696037936210632,0.8192867708206176,0.3665254878997803,,,
24550,5.147444935596965e-05,-0.25523802600800993,9.952690410614014,0.09893648937344551,0.30724159598350526,0.18528707563877106,1.5760450768470764,0.43079634487628937,5.738486318588257,0.11947004161775113,0.8664187967777253,0.8337777268886566,0.3668731737136841,,,
24600,5.073867446061315e-05,-0.18628989819437267,9.46106309890747,0.10156863659620285,0.3155742174386978,0.18745571583509446,1.6029086089134217,0.4605653604865074,5.952691216468811,0.1253252524137497,0.8503037929534912,0.8292267525196075,0.36701642036437987,,,
24650,5.0008892352262015e-05,-0.26255331402644516,9.872737655639648,0.09876253232359886,0.30692517101764677,0.1843026977777481,1.5674144101142884,0.4320069971680641,6.188075615465641,0.1259847117960453,0.8667850387096405,0.8145112431049347,0.3672782802581787,,,
24700,4.9285124441864975e-05,-0.14741445619612933,9.48915265083313,0.10055677443742753,0.31491371273994445,0.18532426446676253,1.6021051979064942,0.44031344264745714,4.281267702132464,0.1271201814711094,0.8643287885189056,0.8238361966609955,0.36679609298706056,,,
24750,4.856739196392098e-05,-0.22274271689355374,9.727715673446655,0.100156412422657,0.3102008593082428,0.18676574438810348,1.5993640637397766,0.43828329056501386,5.78803087901324,0.11849986650049686,0.8616637945175171,0.8236710178852081,0.36638516902923585,,,
24800,4.785571597585672e-05,-0.2057412794046104,9.510695743560792,0.10077997103333473,0.3177536606788635,0.18525719821453093,1.6093349170684814,0.4295335790514946,6.201474509239197,0.1306938062608242,0.862998788356781,0.8327952873706818,0.36683502674102786,,,
24850,4.7150117357408446e-05,-0.17319074294529854,9.533520660400391,0.09944169268012047,0.3136578387022018,0.18416428208351135,1.5838427138328552,0.4536461544036865,4.919371043145657,0.13062503635883332,0.848372540473938,0.8140372169017792,0.36669073581695555,,,
24900,4.6450616810009614e-05,-0.1613364330679178,9.480578327178955,0.09989787355065345,0.31528550267219546,0.18410939276218413,1.5975560283660888,0.4573538529872894,4.885451473593712,0.12302800938487053,0.8515300428867341,0.8234311580657959,0.36667484283447266,,,
24950,4.5757234856183406e-05,-0.20541329562664032,9.795774154663086,0.09951351404190063,0.30989628911018374,0.18591226667165756,1.5990039324760437,0.4426450654864311,4.97359349489212,0.1118829184770584,0.8606325411796569,0.8372695660591125,0.3668190288543701,,,
25000,4.506999183894068e-05,-0.28405007533729076,9.92430640220642,0.0977782878279686,0.307072137594223,0.18203784584999083,1.549806592464447,0.4048716613650322,6.292903089523316,0.12566158317029477,0.8754675412178039,0.8425954568386078,0.36653282642364504,,,
25050,4.4388907921183035e-05,-0.19419218647293746,9.588732976913452,0.1004979644715786,0.31229221761226655,0.18708792328834534,1.6004714465141296,0.43573700189590453,5.375954160690307,0.12455586791038513,0.8668062949180603,0.8234308624267578,0.36660199642181396,,,
25100,4.3714003085111534e-05,-0.19978083100169897,9.603446865081787,0.1007156340777874,0.31145631611347196,0.186262566447258,1.6094633102416993,0.4310104078054428,5.4950128841400145,0.12335511535406113,0.8619912934303283,0.8241493654251099,0.366614933013916,,,
25150,4.304529713164002e-05,-0.22948395524173976,9.665251426696777,0.0998123361170292,0.3147528111934662,0.18377898693084715,1.59354243516922,0.44619653195142744,6.3827248120307924,0.12513312883675098,0.8550375401973724,0.8428617489337921,0.36675426959991453,,,
25200,4.238280967981465e-05,-0.14269211394712328,9.434332304000854,0.10180377021431923,0.31806322038173673,0.18724158197641372,1.6306092262268066,0.4476895433664322,4.729741277396679,0.12330383360385895,0.8593700420856476,0.8301955497264862,0.3668336009979248,,,
25250,4.172656016623786e-05,-0.19671697814017533,9.468906412124634,0.09956228211522103,0.3140131318569183,0.18456624299287797,1.5880154061317444,0.424546158015728,5.666508941426873,0.12513466455042363,0.8645762848854065,0.8356149637699127,0.3667588472366333,,,
25300,4.107656784449837e-05,-0.1839518900588155,9.69446086883545,0.09877752229571342,0.3100448834896088,0.18327941209077836,1.5670480132102966,0.42412055492401124,4.171476982161403,0.1237302628159523,0.866805044412613,0.823163343667984,0.36700413227081297,,,
25350,4.043285178460633e-05,-0.263365699313581,9.997760782241821,0.09837598621845245,0.3073523223400116,0.18359051793813705,1.5539414525032043,0.4220066127181053,5.597991493344307,0.12308796554803848,0.8701462936401367,0.8266659474372864,0.3669529914855957,,,
25400,3.979543087243367e-05,-0.20765497405081987,9.82217435836792,0.09963846415281295,0.31253763258457185,0.18419996082782744,1.5901933646202087,0.4463948827981949,5.015075302124023,0.1124301654100418,0.8572637927532196,0.839129923582077,0.3668169927597046,,,
25450,3.916432380916009e-05,-0.22473121151328088,9.763632564544677,0.10024266421794892,0.31287208318710324,0.1845453304052353,1.5919060468673707,0.3979593110084534,5.356942610740662,0.1218596712499857,0.8779562902450562,0.8286783647537231,0.3670389652252197,,,
25500,3.8539549110724404e-05,-0.24747877202928067,9.868990907669067,0.09967825219035148,0.3120979654788971,0.18414715975522994,1.576683509349823,0.41539362251758577,5.788121893703938,0.12177672527730465,0.8684175384044647,0.8467412412166595,0.36664380073547365,,,
25550,3.792112510728135e-05,-0.22886005227454007,9.731900329589843,0.09989919766783714,0.3123993420600891,0.18479176372289657,1.597304334640503,0.42972850412130353,5.939291695654393,0.12786514118313788,0.8688312911987305,0.8217152488231659,0.36695478439331053,,,
25600,3.7309069942663645e-05,-0.19231904484331608,9.520667424201966,0.09965284362435341,0.31354516088962553,0.18285368889570236,1.5752365350723267,0.40525889337062837,5.046636843681336,0.12935452342033385,0.8739425468444825,0.8445571565628052,0.3667634677886963,,,
25650,3.6703401573849895e-05,-0.24224203802645206,9.768914079666137,0.09909127712249756,0.30799535274505613,0.18471618890762329,1.5635973858833312,0.41960801154375077,5.741133523583412,0.1156002326309681,0.8697387862205506,0.835880640745163,0.3668830871582031,,,
25700,3.610413777043744e-05,-0.24547740845009686,9.911901063919068,0.09869305342435837,0.30923454463481903,0.183509024977684,1.5796554684638977,0.4398737415671349,5.693447844982147,0.11285243466496468,0.8607000398635865,0.8378473675251007,0.3667078733444214,,,
25750,3.551129611412144e-05,-0.24460082359611987,9.82478877067566,0.09905183106660843,0.30707180976867676,0.18473836809396743,1.5528717708587647,0.42603126585483553,5.610763686299324,0.12544189035892486,0.8635925424098968,0.8304923355579377,0.36642970085144044,,,
25800,3.492489399817866e-05,-0.24701537465676665,9.84903416633606,0.09920867756009102,0.30757426023483275,0.18452439665794373,1.5749519443511963,0.4284283947944641,5.784759219288826,0.11543330810964107,0.8652450442314148,0.8470748519897461,0.36653088092803954,,,
25850,3.434494862695732e-05,-0.1675346314162016,9.508345928192139,0.10064314812421798,0.3159582704305649,0.18535781443119048,1.6140543150901794,0.42686460971832274,4.862533421516418,0.12193949200212956,0.8677637887001037,0.8439845681190491,0.3669513511657715,,,
25900,3.377147701537235e-05,-0.22813259340822697,9.821604528427123,0.0997645503282547,0.31094823479652406,0.18554266542196274,1.5922879338264466,0.4301069241762161,5.528703674972057,0.12047460749745369,0.8658375370502472,0.8224471652507782,0.3666313886642456,,,
25950,3.320449598840632e-05,-0.2277956035360694,9.618804960250854,0.09923813194036483,0.31163017451763153,0.18479957729578017,1.5732069540023803,0.4033552348613739,5.8027249604463575,0.12420997515320778,0.8787125408649444,0.8366103649139405,0.36698601245880125,,,
26000,3.264402218061556e-05,-0.24512031648308039,9.929584293365478,0.0980330827832222,0.30510654389858244,0.1829664847254753,1.5490703105926513,0.41548553824424744,5.026669249534607,0.12297815397381782,0.8668212902545929,0.8369869995117187,0.36703763008117674,11.132496907686194,14.286463800701313,0.8543872447352993
26050,3.209007203564218e-05,-0.21219993208069354,9.66086651802063,0.09925814002752303,0.31019015312194825,0.18442638635635375,1.5887494778633118,0.4327887278795242,5.488317572176457,0.12347052484750748,0.8617537927627563,0.8363441550731658,0.509100136756897,,,
26100,3.154266180573191e-05,-0.20996773552149534,9.617895078659057,0.09941468447446823,0.31062044471502304,0.18463823497295379,1.5799431037902831,0.4550472843647003,5.751670182347298,0.1288498206436634,0.8587337911128998,0.8370325767993927,0.3761861562728882,,,
26150,3.100180755125684e-05,-0.2914739167317748,10.053171911239623,0.09789706259965897,0.3046145957708359,0.18294107675552368,1.545489809513092,0.3992933821678162,5.945630922317505,0.11864516485482454,0.8744387912750244,0.8519304728507996,0.3753352689743042,,,
26200,3.046752514024463e-05,-0.1519566378183663,9.214097185134888,0.10084320247173309,0.3194920307397842,0.18472912937402725,1.5923263764381408,0.4532903668284416,5.585743622779846,0.1363808237016201,0.854323787689209,0.8270024108886719,0.3754736375808716,,,
26250,2.9939830247912676e-05,-0.23456074303016067,9.691069507598877,0.10049181818962097,0.3141588497161865,0.1844043779373169,1.5900379014015198,0.4294802337884903,6.297130630016327,0.13273003354668617,0.868503794670105,0.8317571151256561,0.3753771257400513,,,
26300,2.941873835620837e-05,-0.23905981239397078,9.706517686843872,0.09953011110424996,0.313394700884819,0.1842793855071068,1.591942117214203,0.41036127775907516,6.137292075753212,0.12010584898293018,0.8719087934494019,0.8412306499481201,0.3749933624267578,,,
26350,2.8904264753354778e-05,-0.19590766057372094,9.685346021652222,0.09958121627569198,0.3128919756412506,0.1833595511317253,1.5746427416801452,0.4407936391234398,4.946814316511154,0.1276735983043909,0.8625825369358062,0.8459769809246063,0.3744926691055298,,,
26400,2.8396424533402238e-05,-0.212066216096282,9.861801223754883,0.09750463142991066,0.3077227491140366,0.18122942715883256,1.5570713710784911,0.4286921533942223,4.388819072693586,0.12320716977119446,0.8677875447273254,0.8142112803459167,0.3753381633758545,,,
26450,2.789523259578539e-05,-0.2368148596957326,9.83822166442871,0.09893855288624763,0.3082335567474365,0.1851532793045044,1.5689407563209534,0.4510503643751144,5.699267494827509,0.12327960595488548,0.8532250404357911,0.824492962360382,0.37479597568511963,,,
26500,2.74007036448861e-05,-0.20915377664379775,9.59778730392456,0.10104347974061965,0.31724772334098816,0.1853150624036789,1.6041416811943054,0.41911294221878054,5.858508432507515,0.11864553689956665,0.8693687939643859,0.8309438371658325,0.37452791690826415,,,
26550,2.691285218960205e-05,-0.2793791963905096,10.075515823364258,0.09734370321035385,0.30378154397010804,0.1822485786676407,1.543449239730835,0.42312058091163635,5.637199802398682,0.11725100576877594,0.8678300392627716,0.8380542922019959,0.37472761154174805,,,
26600,2.6431692542921053e-05,-0.21385835625231267,9.65492437362671,0.10045761033892632,0.31368877172470094,0.1852206513285637,1.5944788837432862,0.4296320074796677,5.735727155208588,0.12415904961526394,0.8628237915039062,0.831992437839508,0.37468313694000244,,,
26650,2.5957238821501043e-05,-0.22818423656746745,9.732265930175782,0.09945711225271225,0.308128222823143,0.18519696176052095,1.5846279811859132,0.44880083680152894,5.855416613258422,0.11989187493920327,0.8581000387668609,0.8203221082687377,0.3747908735275269,,,
26700,2.5489504945256214e-05,-0.24855457101017236,9.788955364227295,0.09872629016637802,0.30867552995681763,0.18327296495437623,1.5697475504875182,0.39442024022340777,5.676750174164772,0.11968377135694026,0.8794900465011597,0.8391404926776886,0.3747971773147583,,,
26750,2.5028504636948126e-05,-0.24227042324841022,9.885706939697265,0.09907994583249093,0.3115068942308426,0.1837315282225609,1.579814817905426,0.43436030149459837,5.714677491188049,0.11526515074074269,0.861732542514801,0.8221728754043579,0.3745254945755005,,,
26800,2.4574251421783626e-05,-0.23879818823188542,9.885354194641113,0.09917255192995071,0.31197463810443876,0.1831128963828087,1.594527611732483,0.4092476379871368,5.452129344344139,0.11080508194863796,0.8708075428009033,0.8307175457477569,0.374763650894165,,,
26850,2.412675862701765e-05,-0.30747395642101766,10.067009735107423,0.0973142421245575,0.3013216131925583,0.18241964817047118,1.5340716171264648,0.4058156770467758,6.2777207517623905,0.11275742448866367,0.8723737895488739,0.8378462958335876,0.37485806941986083,,,
26900,2.3686039381562342e-05,-0.19883063215762375,9.551498956680298,0.09954761698842049,0.3109323418140411,0.18437124997377397,1.5622933888435364,0.42199419766664503,5.158497321605682,0.12451839454472065,0.8676487910747528,0.8197514939308167,0.37444337844848635,,,
26950,2.325210661560198e-05,-0.23797427719458938,9.789716806411743,0.09909420192241669,0.3099659150838852,0.1836186593770981,1.568071391582489,0.41829341113567353,5.611374077796936,0.12181233309209347,0.8688537895679473,0.8466259980201721,0.37446213722229005,,,
27000,2.2824973060213426e-05,-0.2764604562614113,10.077220678329468,0.09833770483732224,0.30841341316699983,0.18272472321987152,1.5631851148605347,0.42663526386022566,5.900377314388752,0.12153615847229958,0.8637075400352479,0.8334649050235748,0.3743756866455078,,,
27050,2.240465124699272e-05,-0.2070589175261557,9.73540864944458,0.09917407274246216,0.3110900282859802,0.18340013086795806,1.560118818283081,0.43267191499471663,4.909723385572433,0.13328360460698604,0.858177536725998,0.8341453456878662,0.3742512798309326,,,
27100,2.1991153507687383e-05,-0.2221907104551792,9.612349653244019,0.09947459042072296,0.3140870225429535,0.1830697363615036,1.5696985459327697,0.4240411132574081,5.892256622314453,0.12354786954820156,0.8682575440406799,0.8391436755657196,0.37402607917785646,,,
27150,2.158449197383473e-05,-0.2084522224124521,9.738287878036498,0.09919083297252655,0.3133475363254547,0.18400081157684325,1.596668746471405,0.4351172584295273,5.2735130962729455,0.11948835015296937,0.8596112906932831,0.833981511592865,0.3739584302902222,,,
27200,2.118467857640571e-05,-0.18321110866963863,9.523392000198363,0.1002807728946209,0.3125827658176422,0.18549721598625182,1.5932994627952575,0.42313152939081194,5.0211786288023,0.11302799351513386,0.8649300396442413,0.827464702129364,0.3744326114654541,,,
27250,2.079172504545517e-05,-0.19339222440496087,9.499269828796386,0.10011936292052269,0.3161245983839035,0.18409558922052383,1.5931491804122926,0.4431190425157547,5.7581779527664185,0.12483847334980964,0.8570387899875641,0.8238375008106231,0.3744698143005371,,,
27300,2.0405642909777334e-05,-0.24555453386157752,9.846556015014649,0.09867258176207543,0.3090747648477554,0.1838737252354622,1.5701635456085206,0.4472223997116089,5.934084524512291,0.12029430784285068,0.8587912952899933,0.8276643073558807,0.37436641693115236,,,
27350,2.0026443496568013e-05,-0.20482777463272214,9.537444858551025,0.1000702564418316,0.3169513082504272,0.1829655000567436,1.5922725915908813,0.42642246693372726,5.857321354746818,0.12687788836658,0.8654150402545929,0.8359094369411468,0.37420393466949464,,,
27400,1.965413793109183e-05,-0.21043249938637018,9.663653602600098,0.10010502681136131,0.30969678223133085,0.18697063028812408,1.5838526940345765,0.4416462504863739,5.50142219979316,0.11636251211166382,0.8636350381374359,0.8346139180660248,0.3746277141571045,,,
27450,1.9288737136356148e-05,-0.2703809251077473,9.963536558151246,0.09786708936095238,0.3085064721107483,0.18064321875572203,1.5465706372261048,0.4371517723798752,6.034935408383608,0.11989244662225246,0.8557025408744812,0.8459580969810486,0.37449398040771487,,,
27500,1.893025183279039e-05,-0.29389008864760396,10.092764558792114,0.09837789565324784,0.3054752177000046,0.18342454224824906,1.5441908311843873,0.39371672928333284,5.895654282569885,0.12844702020287513,0.8771775376796722,0.8382183909416199,0.37446834564208986,,,
27550,1.8578692537931696e-05,-0.2760134320519865,9.949239406585694,0.0978322234749794,0.30788893818855284,0.18182079195976258,1.5568959498405457,0.414340243935585,6.10853724360466,0.12435938782989979,0.8710075438022613,0.8374489367008209,0.37686547756195066,,,
27600,1.8234069566116223e-05,-0.26131201393902304,9.965850582122803,0.09807821393013,0.30711459040641786,0.18261666744947433,1.555200583934784,0.4083481973409653,5.471979025006294,0.1182008419930935,0.8772387909889221,0.8377001237869263,0.37475698471069335,,,
27650,1.789639302817651e-05,-0.20810064911842346,9.551021385192872,0.10010178342461586,0.31262646794319154,0.18490680456161498,1.5854871416091918,0.41385278552770616,5.6179596030712124,0.12173465646803379,0.8717512905597686,0.827187124490738,0.3746233034133911,,,
27700,1.7565672831145015e-05,-0.17889671619050204,9.574962720870971,0.10047003000974655,0.31457500517368314,0.1857201886177063,1.603366014957428,0.4288537847995758,4.914034515321255,0.11860345169901848,0.8592437899112702,0.8290184009075164,0.37490413188934324,,,
27750,1.7241918677963186e-05,-0.19186058146879076,9.619141378402709,0.10003162413835526,0.31308839678764344,0.18454624116420745,1.5995257091522217,0.4504438042640686,5.307229872941971,0.11496577225625515,0.8586212909221649,0.8207864677906036,0.37418861865997316,,,
27800,1.6925140067197137e-05,-0.2614649777114391,10.007267303466797,0.09927949458360671,0.31020376801490784,0.18287524551153184,1.5634565806388856,0.407952361702919,5.539076668024063,0.12022395331412554,0.874941293001175,0.8372837901115417,0.37408071994781494,,,
27850,1.661534629275859e-05,-0.20764549739658833,9.411301832199097,0.09917437851428985,0.31232121407985686,0.1835535368323326,1.583044033050537,0.4445673686265945,6.302520684399642,0.12039290763437747,0.8570400416851044,0.8244278585910797,0.3747850894927979,,,
27900,1.6312546443632465e-05,-0.23156132850795985,9.794668970108033,0.09876068592071534,0.3093876439332962,0.18421050161123276,1.5657871818542481,0.43383319705724716,5.496054196357727,0.1213665609061718,0.861197543144226,0.8363765692710876,0.3748590898513794,,,
27950,1.6016749403610108e-05,-0.22703308385796844,9.900563011169433,0.0983629822731018,0.3076594579219818,0.18418795615434647,1.5745704293251037,0.429264572262764,4.92122021317482,0.11375099994242191,0.8654125428199768,0.8389951205253601,0.37378812789916993,,,
28000,1.572796385102877e-05,-0.14545112997293472,9.314483461380005,0.10023583203554154,0.31335638761520385,0.18570008784532546,1.5947063279151916,0.4283219474554062,4.560099427998066,0.12120212480425835,0.8655037903785705,0.8392671108245849,0.37457401752471925,11.145544099931916,14.299510992947035,0.8551822587319141
28050,1.544619825851679e-05,-0.25299668742343784,9.961285476684571,0.09786967769265174,0.3066824686527252,0.18250156402587892,1.5602225017547608,0.40815925508737566,5.208654644191265,0.11193240474909544,0.8696087908744812,0.8314439201354981,0.5167636394500732,,,
28100,1.5171460892745241e-05,-0.1625100589543581,9.521354789733886,0.10123106986284255,0.31971933245658873,0.18472317576408387,1.6147130823135376,0.42280301988124847,4.743018291592598,0.11530182793736458,0.8660925424098969,0.8292245531082153,0.3750617599487305,,,
28150,1.4903759814185166e-05,-0.18657923138700425,9.50040714263916,0.1000635139644146,0.31618246138095857,0.1833001831173897,1.5832112979888917,0.4211197492480278,5.22691965341568,0.1210973570495844,0.8640975403785706,0.8420977091789246,0.3748048973083496,,,
28200,1.4643102876871405e-05,-0.2198720248788595,9.72560520172119,0.09899913057684899,0.3090985828638077,0.18457986533641815,1.5747618198394775,0.4378285795450211,5.431339358091354,0.11712167114019394,0.8635175430774689,0.8053013145923614,0.3746026611328125,,,
28250,1.438949772817179e-05,-0.17168551655486225,9.491625843048096,0.10074930861592293,0.31483682155609133,0.18572988957166672,1.5992071843147277,0.4331213289499283,4.997024780362844,0.12609752506017685,0.8627000451087952,0.8479780888557434,0.3737677764892578,,,
28300,1.414295180856307e-05,-0.18911244210787118,9.631978149414062,0.10105704113841057,0.31674415588378907,0.18554046154022216,1.6090079402923585,0.435245515704155,5.250341432094574,0.11514079011976719,0.8611000418663025,0.8275444149971009,0.3738211917877197,,,
28350,1.3903472351412494e-05,-0.2689718951284885,10.01179883003235,0.09764190182089806,0.30620974600315093,0.18287246227264403,1.5532351112365723,0.4078496164083481,5.48980290055275,0.10373599380254746,0.8764625430107117,0.8363379549980163,0.3743297052383423,,,
28400,1.3671066382765646e-05,-0.22932517042383552,9.764622507095337,0.0982940861582756,0.3068897461891174,0.18377848505973815,1.5545601558685302,0.41667876958847044,5.156404916793108,0.11192387707531452,0.868370041847229,0.839217084646225,0.3737578678131104,,,
28450,1.3445740721140234e-05,-0.2298836368136108,9.68301326751709,0.09986565425992013,0.3124597084522247,0.18476621717214584,1.5825374221801758,0.443449923992157,6.169957893937826,0.12437506556510926,0.8609287905693054,0.8268103539943695,0.37399805068969727,,,
28500,1.3227501977326096e-05,-0.2312977936770767,9.870127248764039,0.09887863174080849,0.31016016244888306,0.1835361698269844,1.5758991646766662,0.4297768598794937,5.270536732673645,0.11237009219825268,0.864120044708252,0.8249550354480744,0.37392773151397707,,,
28550,1.3016356554191275e-05,-0.27893318511545656,9.931549062728882,0.0975646896660328,0.304744256734848,0.1820754736661911,1.5384665513038636,0.40383112609386446,5.932224888801574,0.12828488439321517,0.8736837887763977,0.840981742143631,0.3739235591888428,,,
28600,1.2812310646494068e-05,-0.2293044999614358,9.793063116073608,0.09940331891179084,0.31122019827365877,0.1838956916332245,1.5681136560440063,0.4065291124582291,5.245541533716023,0.11988762825727463,0.8739562904834748,0.8402818369865418,0.3743653631210327,,,
28650,1.2615370240701392e-05,-0.2236490961536765,9.755180072784423,0.0998490585386753,0.3126563334465027,0.1849064552783966,1.596280143260956,0.43621965527534484,5.747249761819839,0.12374319590628147,0.8640400445461274,0.8298691248893738,0.37414413928985596,,,
28700,1.242554111481305e-05,-0.23527518240734935,9.727642173767089,0.09966084510087966,0.3103104627132416,0.1847569990158081,1.5676782727241516,0.42420737743377684,5.818373165810481,0.11687925819307565,0.8658350443840027,0.8342180621623992,0.37408698081970215,,,
28750,1.2242828838192341e-05,-0.23736756704747677,9.765015535354614,0.09825369387865067,0.30712484419345853,0.18312361389398574,1.5589993834495544,0.43663290441036223,5.668678448796272,0.12177961513400078,0.8583325374126435,0.8229915034770966,0.3741362190246582,,,
28800,1.2067238771402498e-05,-0.14592056621797383,9.239332618713378,0.10075098648667336,0.31619000911712647,0.18694817990064622,1.6146776747703553,0.4480013161897659,5.2784666220843794,0.12010638535022736,0.8552000463008881,0.8406620275974274,0.3744711399078369,,,
28850,1.1898776066049527e-05,-0.22470321715809405,9.856092433929444,0.0990519255399704,0.3108910268545151,0.18261087626218797,1.567113494873047,0.4084399083256722,4.855852837562561,0.11801479689776898,0.8745375406742096,0.8389730811119079,0.3741216468811035,,,
28900,1.1737445664630992e-05,-0.23747501436620952,9.77773687362671,0.09969262301921844,0.3139805090427399,0.18443961650133134,1.586073603630066,0.43063764929771425,6.037898705005646,0.1204922030121088,0.8686625444889069,0.8113746857643127,0.3741350746154785,,,
28950,1.1583252300391158e-05,-0.2470323123037815,9.812986011505126,0.09965818107128144,0.30919252693653104,0.18490321964025497,1.5659506940841674,0.41875093191862106,5.831623043715954,0.12155804581940174,0.8730250489711762,0.8299429166316986,0.3737338161468506,,,
29000,1.14362004971819e-05,-0.20917872862890363,9.664370002746582,0.09963173717260361,0.31148961901664735,0.18548839241266252,1.579043343067169,0.43173124551773073,5.368702754080296,0.12446901343762874,0.8653675413131714,0.8384771609306335,0.3743863964080811,,,
29050,1.129629456933014e-05,-0.3223219517990947,10.19845952987671,0.09781530886888504,0.30447438776493074,0.18174743473529817,1.5468657112121582,0.4263834398984909,6.744390803277493,0.11507289797067642,0.8630725419521332,0.8337453186511994,0.3743849039077759,,,
29100,1.1163538621511226e-05,-0.25275806844234466,9.875116949081422,0.09849672064185143,0.30979204952716827,0.18341071009635926,1.5704717993736268,0.407282609641552,5.690030345916748,0.11726833045482636,0.8746800422668457,0.8538667750358582,0.37444124221801756,,,
29150,1.1037936548628483e-05,-0.23836791146546601,9.791175107955933,0.09931829333305359,0.31185527086257936,0.1844104540348053,1.59682541847229,0.4198983046412468,5.883803126215935,0.10864856936037541,0.8629737901687622,0.8366377186775208,0.37392430782318115,,,
29200,1.0919492035699002e-05,-0.26036232532933357,9.960260429382323,0.09915318548679351,0.3083117073774338,0.18394181489944458,1.5756428265571594,0.4171677750349045,5.772363361120224,0.11816595152020454,0.8718187928199768,0.840233633518219,0.3745719909667969,,,
29250,1.0808208557745442e-05,-0.23254700613208115,9.764337596893311,0.09940578520298005,0.3105668705701828,0.1855168616771698,1.5765075445175172,0.4284362018108368,5.713091858848929,0.11638873800635338,0.8649137890338898,0.8300691628456116,0.3744905185699463,,,
29300,1.0704089379694124e-05,-0.1689153174776584,9.475721254348755,0.09988971397280694,0.31413123190402986,0.1849672368168831,1.591979079246521,0.4359410038590431,4.8721650665998455,0.12265060037374496,0.86106379032135,0.8323707926273346,0.37440420627593995,,,
29350,1.0607137556279273e-05,-0.2692719773948193,9.926295833587647,0.09873238638043404,0.31147012650966643,0.18200623869895935,1.562841546535492,0.40970545023679733,6.093015228509903,0.1172750360518694,0.8715862894058227,0.8394664287567138,0.3741838836669922,,,
29400,1.0517355931953325e-05,-0.21869103267788886,9.672518978118896,0.10002703681588172,0.31400693118572237,0.18422335505485535,1.5916161370277404,0.42727172464132307,5.772385095357895,0.11853410549461842,0.8678850424289704,0.8233804500102997,0.37433666229248047,,,
29450,1.043474714080354e-05,-0.22913689218461514,9.72454750061035,0.09986089304089546,0.31034414350986483,0.18592011868953706,1.5964956974983215,0.43034845679998396,5.891015267372131,0.11327146269381046,0.8605650424957275,0.8314038991928101,0.37433835983276365,,,
29500,1.0359313606474665e-05,-0.21571720980107784,9.611411905288696,0.10048731103539467,0.31534578442573546,0.18410701125860215,1.585079221725464,0.41850570976734164,5.818250234127045,0.1267749285697937,0.8664800429344177,0.8477014338970185,0.37418938636779786,,,
29550,1.0291057542097838e-05,-0.2268168265745044,9.876904029846191,0.0994271320104599,0.31306104063987733,0.18293454945087434,1.571758921146393,0.42529422700405123,5.154973100274801,0.12428374938666821,0.8648100411891937,0.8282950007915497,0.3742804908752441,,,
29600,1.0229980950225706e-05,-0.20212300468236208,9.804479789733886,0.09909075632691383,0.3089831632375717,0.18463754117488862,1.5774338388442992,0.43325957775115964,4.546739735007286,0.11594702262431383,0.8658712923526763,0.8243610429763794,0.3746183443069458,,,
29650,1.0176085622773629e-05,-0.2658104294911027,9.92069501876831,0.09843908965587617,0.3087645775079727,0.18362413555383683,1.5737660765647887,0.4267055422067642,6.1530222073197365,0.115879230722785,0.8654675388336182,0.8359716737270355,0.3743638324737549,,,
29700,1.0129373140967115e-05,-0.23623932298272848,9.747041349411012,0.09873538970947265,0.3095586496591568,0.18419943481683732,1.5712341976165771,0.44432050436735154,5.941920936703682,0.11251184433698654,0.8604650390148163,0.8396892714500427,0.3747183895111084,,,
29750,1.0089844875295431e-05,-0.2700129132717848,9.933582592010499,0.09844915270805359,0.3072716897726059,0.1843368950486183,1.5654636740684509,0.426931871175766,6.144738066755235,0.1098658011853695,0.8664000415802002,0.8326159000396729,0.3743232583999634,,,
29800,1.005750198547139e-05,-0.23544438488781452,9.936059217453003,0.10004338562488556,0.31222325563430786,0.18428195655345916,1.5859364438056947,0.42417524188756944,5.321958580166101,0.11658424384891987,0.8641187834739685,0.8244372701644898,0.3745194721221924,,,
29850,1.0032345420397324e-05,-0.28719049151986836,10.018074321746827,0.09765853613615036,0.3048604154586792,0.1822839918732643,1.545092921257019,0.4212493750452995,6.125593982972204,0.1157443880289793,0.8666175436973572,0.8171301019191742,0.37444678783416746,,,
29900,1.0014375918137292e-05,-0.22363839210942388,9.636922731399537,0.09940217107534409,0.3087672877311707,0.18513844817876815,1.5754466724395753,0.45523065119981765,6.051177426576614,0.12439383909106255,0.854178786277771,0.8289914524555206,0.3741955280303955,,,
29950,1.0003594005895287e-05,-0.20633209884166717,9.747093181610108,0.09939572215080261,0.3115164595842361,0.18388051509857178,1.575504674911499,0.42347436130046845,4.861503987312317,0.1200552798062563,0.8690525412559509,0.8395537304878234,0.3741338014602661,,,
30000,1e-05,-0.23102144110947848,9.671522378921509,0.09733552798628807,0.3074648684263229,0.18101266026496887,1.528107192516327,0.42417381703853607,5.400149255990982,0.12315013721585273,0.8651212894916535,0.826872911453247,0.37426730632781985,11.1683335720251,14.322300465040218,0.8546777863420143
