id,scenario,snr,in_si_snr,in_stoi,in_pesq,model_si_snr,model_stoi,model_pesq,oracle_crm_si_snr,oracle_crm_stoi,oracle_crm_pesq,identity_ckptfe_si_snr,identity_ckptfe_stoi,identity_ckptfe_pesq,oracle_irm_si_snr,oracle_irm_stoi,oracle_irm_pesq,oracle512_si_snr,oracle512_stoi,oracle512_pesq,selfdist_si_snr,selfdist_stoi,selfdist_pesq,model_vs_dry_si_snr,model_vs_dry_stoi,model_vs_dry_pesq,target_vs_dry_si_snr,target_vs_dry_stoi,target_vs_dry_pesq,eq_vs_target_si_snr,eq_vs_target_stoi,eq_vs_target_pesq,leak_db,speech_err_db,silent_frac,agc_min_db
000000,armour_moving,1.2083780499544048,-6.595831394195557,0.6573746990375927,1.0483793020248413,11.217013359069824,0.9019725664701685,1.4124516248703003,23.54450035095215,0.9877432049236454,3.053992986679077,-25.855018615722656,0.7083844763101087,1.0534214973449707,4.282149791717529,0.8960439342615999,1.3388020992279053,29.189050674438477,0.9979065442136738,4.390805244445801,8.436312675476074,0.9612822865706722,2.8660032749176025,9.249375343322754,0.8753695936719361,1.396500825881958,14.422198295593262,0.9737185677653677,4.068253517150879,8.288883209228516,0.9996597587198691,4.602534294128418,-58.97645568847656,-11.171703338623047,0.49266666173934937,-8.101884841918945
000005,armour_moving,-7.829483600198426,-12.401237487792969,0.4427893556809502,1.0976780652999878,7.2272162437438965,0.7804864005512684,1.1999129056930542,19.77089500427246,0.9686683402496088,2.775705337524414,-46.255279541015625,0.6269914729637999,1.0327298641204834,1.312631368637085,0.8491137971015369,1.1728894710540771,24.287364959716797,0.9955456581289142,4.408795356750488,8.54745864868164,0.942404038390737,2.575657606124878,6.741513252258301,0.7698164515756893,1.1880855560302734,14.854528427124023,0.9782475974199967,3.858569860458374,8.866525650024414,0.9991954268630862,4.601314544677734,-51.95269775390625,-7.709592819213867,0.47333332896232605,-7.798218727111816
000010,firefight,-3.4516855909181823,-7.621521472930908,0.6025072503149739,1.042303442955017,8.360490798950195,0.8421876326043125,1.413433313369751,21.795265197753906,0.981526291439093,3.2839291095733643,-49.4642219543457,0.689039637445904,1.046715259552002,3.780170440673828,0.8746202246537419,1.4344227313995361,25.94940948486328,0.997776591628565,4.524410724639893,10.556474685668945,0.9561152565430572,3.186894655227661,7.198080062866211,0.8400806818235254,1.3938100337982178,20.019596099853516,0.9964980550159503,4.343448162078857,11.244514465332031,0.9994086309312997,4.607630729675293,-39.292938232421875,-8.693693161010742,0.15199999511241913,-4.044116020202637
000016,engine_room,7.414210651638591,0.6689777970314026,0.7709264665686867,1.0379917621612549,14.023849487304688,0.9118111773827722,1.796522617340088,26.91940689086914,0.9811055577994967,3.6132516860961914,-37.907615661621094,0.6720518202412576,1.0478004217147827,8.247347831726074,0.8952504117895795,1.725565791130066,29.19159698486328,0.9987614247481288,4.520226955413818,8.800647735595703,0.936014822112977,2.4323036670684814,11.97934341430664,0.9011373106342153,1.7903685569763184,16.75133514404297,0.991401885619695,4.321271896362305,9.44332504272461,0.9993717870029195,4.610566139221191,-70.26545715332031,-13.289077758789062,0.5339999794960022,-3.935295581817627
000021,firefight,1.3065942410702505,-8.376654624938965,0.6552377203175579,1.0283185243606567,11.143980026245117,0.8886040640370312,1.4314789772033691,20.46955108642578,0.9791170956288535,2.8844151496887207,-33.65475082397461,0.7547617628046795,1.0590811967849731,3.627037763595581,0.9130108615112009,1.3614025115966797,21.93796157836914,0.998135604682256,4.465335369110107,6.76896333694458,0.960913924227591,2.45000958442688,8.909465789794922,0.8862629434207319,1.3724911212921143,12.346526145935059,0.9771832841042516,3.373811721801758,7.129859447479248,0.9994663286120004,4.512288570404053,-59.424232482910156,-10.604887008666992,0.5026666522026062,-8.836353302001953
000026,urban_patrol,3.7419300876963906,1.623232126235962,0.772001053399603,1.061084508895874,15.176836013793945,0.9258235842515763,2.062810182571411,28.19023895263672,0.9945063587522266,3.7931172847747803,-69.75630950927734,0.698606022095293,1.059019923210144,8.40673828125,0.9415474477487678,1.9545702934265137,33.870792388916016,0.9993382476060632,4.530818462371826,10.047931671142578,0.9686496185491429,2.9104933738708496,15.176836013793945,0.9258235855707866,2.062808036804199,102.38196563720703,0.9999999999999986,4.643888473510742,10.330520629882812,0.999541125521887,4.605025291442871,-51.34199142456055,-13.346336364746094,0.33933332562446594,0.0
000032,urban_patrol,1.81941663833679,-3.214710235595703,0.6542621816408926,1.0278881788253784,12.150835990905762,0.8979196490380307,1.5721535682678223,24.150394439697266,0.9869183865472554,3.364447832107544,-29.96259880065918,0.6814458149023923,1.0388455390930176,5.294595241546631,0.9286272212810054,1.5392022132873535,28.16366958618164,0.9985698825846435,4.502022743225098,8.67540454864502,0.9582925259231906,2.6092538833618164,7.5718092918396,0.8944045747765939,1.5371276140213013,10.642033576965332,0.9865332530985411,4.111982822418213,8.759936332702637,0.999282150135358,4.5758957862854,-48.40687561035156,-11.690053939819336,0.07066666334867477,-8.76330280303955
000037,artillery,9.558618368032839,-3.343271255493164,0.6961617024087271,1.0446721315383911,11.88620662689209,0.8905407609919447,1.4954547882080078,25.159297943115234,0.9846431357416016,3.5069642066955566,-30.73859214782715,0.7163987092402383,1.0579227209091187,5.8409647941589355,0.8945876216040329,1.6612567901611328,28.949634552001953,0.9987180387107378,4.5242600440979,8.290705680847168,0.9487609120061502,2.538835048675537,6.805045127868652,0.8691841831758694,1.4374959468841553,9.346875190734863,0.9701215018772413,3.9195001125335693,8.777975082397461,0.9983159754260761,4.545889854431152,-34.72209930419922,-11.779509544372559,0.4906666576862335,-8.499471664428711
000043,distant_battle,11.733808862143405,5.82318115234375,0.908762348922793,1.196074366569519,16.039600372314453,0.9708941758712779,2.296177387237549,32.95854949951172,0.9992609201601658,4.455359935760498,-45.2198600769043,0.7369181195571362,1.068795084953308,8.693099021911621,0.9886771678964287,2.9768738746643066,35.6520881652832,0.999823748380363,4.555363655090332,9.184903144836426,0.9773251042802772,3.0281407833099365,9.92389965057373,0.9533060471411606,2.235927104949951,11.303006172180176,0.9808520421445389,4.308069705963135,9.119382858276367,0.9996899791818491,4.579562187194824,-49.643672943115234,-14.946736335754395,0.44600000977516174,-7.230940818786621
000048,urban_patrol,5.957253423660973,-0.8407953977584839,0.7905520829003712,1.0631474256515503,16.17307472229004,0.9474500391008782,2.1557369232177734,27.99912452697754,0.9973043878453527,4.005198001861572,-25.57725715637207,0.6968883721024811,1.0521150827407837,6.530258655548096,0.9650670836997464,2.178363561630249,30.536895751953125,0.9986458989304694,4.4949188232421875,7.398536205291748,0.9772901049621268,3.1482431888580322,9.32564640045166,0.9252057935821557,1.9782272577285767,10.536993980407715,0.97496952836048,3.8810572624206543,7.279724597930908,0.9995450436468104,4.550666809082031,-48.476253509521484,-13.550148010253906,0.4906666576862335,-8.535508155822754
000053,artillery,13.42578858475376,0.3420630693435669,0.7828644275327519,1.0921286344528198,15.2146635055542,0.9174386818138998,1.925054907798767,24.454925537109375,0.984809373261584,3.786116600036621,-40.467323303222656,0.7157602954316699,1.0627171993255615,7.911565780639648,0.9323557056552774,2.096775770187378,25.3151798248291,0.9993235999919142,4.546197414398193,8.38481330871582,0.9382022281704572,2.443875789642334,9.932973861694336,0.8955673709416456,1.713848352432251,11.443042755126953,0.9633684590497523,4.104138374328613,8.822151184082031,0.9991834680207767,4.586636543273926,-58.0421028137207,-13.912507057189941,0.4866666793823242,-8.030643463134766
000059,vehicle_interior,0.387599330920791,-4.348474025726318,0.7187892920843407,1.0475257635116577,12.3101224899292,0.8985697371355089,1.7368972301483154,24.552709579467773,0.983538714940222,3.274843454360962,-29.538000106811523,0.7207411858492294,1.0545457601547241,6.21612024307251,0.8857700177130267,1.4710056781768799,28.85582733154297,0.9987514443292711,4.526800632476807,9.809874534606934,0.9522583785977051,3.1380112171173096,9.93520450592041,0.8694282988306946,1.6823465824127197,14.149650573730469,0.9698882709500305,4.020275592803955,10.053502082824707,0.9992893607639096,4.581650257110596,-54.957801818847656,-12.187179565429688,0.48533332347869873,-6.731520175933838
000064,helo_lz,4.743015300833251,0.519503653049469,0.646582475510655,1.0385535955429077,13.475053787231445,0.8718868729303382,1.6534559726715088,28.956029891967773,0.9844478592585293,3.7147023677825928,-27.359628677368164,0.6480255223963296,1.0582728385925293,8.775941848754883,0.8993801876599025,1.7630648612976074,34.286537170410156,0.9972012846656303,4.542431831359863,10.882463455200195,0.9580013913362357,3.2380170822143555,12.118090629577637,0.8662586084692045,1.6469365358352661,18.133161544799805,0.9933236128264858,4.315570831298828,11.173677444458008,0.9993607298534272,4.612748146057129,-44.03327178955078,-13.129014015197754,0.3479999899864197,-4.67692756652832
000069,armour_moving,4.731376397338641,2.1874330043792725,0.833406123042184,1.049983024597168,16.594284057617188,0.9469726237145418,2.2318079471588135,29.453399658203125,0.9932386592927762,3.665454387664795,-33.595306396484375,0.6923219345798801,1.0651805400848389,8.09144401550293,0.937886253570138,1.8241002559661865,35.12022399902344,0.9992581526129216,4.564163684844971,10.10236644744873,0.9647242451659284,2.9205210208892822,16.59112548828125,0.9474273664057011,2.230095148086548,39.307132720947266,0.9999787536670818,4.59934139251709,10.016732215881348,0.9995133732646201,4.601797103881836,-52.914390563964844,-15.256394386291504,0.37466666102409363,-0.7093210220336914
000075,artillery,10.93913110964763,4.39193058013916,0.8547462601068345,1.139856219291687,16.04617691040039,0.9289172949571827,2.100531816482544,30.69941520690918,0.9957617286098761,4.08831262588501,-40.333656311035156,0.6770905108638509,1.0500092506408691,7.295718193054199,0.9428880004582763,2.0406744480133057,33.90345764160156,0.9990976921330623,4.510386943817139,8.09447193145752,0.9601926075301671,2.7295780181884766,10.054665565490723,0.9117204665576147,2.0231239795684814,11.90832233428955,0.9830914128931717,4.2716064453125,8.050332069396973,0.9993405969858916,4.582202434539795,-52.04146957397461,-15.461994171142578,0.27533334493637085,-7.864680767059326
000080,jet_flyover,3.8647227561264828,1.00637948513031,0.7015121665159536,1.0353870391845703,13.715242385864258,0.8587248116569071,1.5630217790603638,25.884761810302734,0.9720419942298145,3.237535238265991,-32.923545837402344,0.6116344451331864,1.030212163925171,6.571929931640625,0.9086684028186263,1.5731003284454346,28.279666900634766,0.9969725141853529,4.49449348449707,7.3951873779296875,0.9315832035091456,2.579841375350952,13.709466934204102,0.8586420724869505,1.56173837184906,43.80152893066406,0.9998018866133213,4.626574516296387,7.580620765686035,0.9989661646106264,4.582708358764648,-52.490325927734375,-12.54368782043457,0.41066667437553406,-2.812607526779175
000086,distant_battle,-6.00801817555779,-6.819586277008057,0.6705960418548715,1.0248126983642578,6.516228675842285,0.7735806179231672,1.1872146129608154,25.134628295898438,0.9727224852810125,3.2830212116241455,-40.96599578857422,0.6773085026176687,1.0378813743591309,6.624052047729492,0.8841853277083475,1.5115046501159668,28.514892578125,0.9967088167256634,4.494553089141846,9.246511459350586,0.9370975860639539,2.6700730323791504,5.268959999084473,0.7519283842798704,1.1649549007415771,11.72028636932373,0.9741662050788892,4.08147668838501,9.021803855895996,0.9992656910228248,4.59588623046875,-16.969303131103516,-7.789548873901367,0.44733333587646484,-8.701498985290527
000091,helo_lz,11.640339624910691,-1.4674378633499146,0.7557197962723537,1.0453071594238281,14.81132984161377,0.9101880551587135,1.7836706638336182,26.545818328857422,0.9797585713178057,3.5449302196502686,-24.999380111694336,0.6902691649465811,1.0693917274475098,8.69728946685791,0.9020530794091615,1.7531166076660156,29.74625015258789,0.9979695226011623,4.553555488586426,10.93960952758789,0.9648087400241258,2.9601070880889893,12.515549659729004,0.9029467776177464,1.749715805053711,16.970970153808594,0.995232453151569,4.353682041168213,11.31965446472168,0.9996401747884927,4.6143646240234375,-42.876556396484375,-13.916454315185547,0.49133333563804626,-4.814582824707031
000096,firefight,8.952079100147373,1.3875402212142944,0.8345314204007062,1.049673080444336,15.873836517333984,0.9546984966984173,2.1447529792785645,29.550437927246094,0.9971313650719414,3.9071834087371826,-32.912044525146484,0.6785632929578806,1.044798493385315,7.712611198425293,0.959348248450585,1.991084098815918,32.80987548828125,0.9992659799348095,4.50892448425293,9.374401092529297,0.9714941600380872,2.8643605709075928,13.43260383605957,0.9390589280469227,2.070648431777954,17.7412109375,0.9876139363326676,4.140590667724609,9.305709838867188,0.9995225116184052,4.600417137145996,-49.280906677246094,-14.196535110473633,0.15399999916553497,-7.105182647705078
000102,rain_ambush,2.382036508486097,-3.4833409786224365,0.7038622171876908,1.0326188802719116,12.651626586914062,0.881891346859288,1.7913496494293213,22.572982788085938,0.988098304886705,3.2071545124053955,-27.513633728027344,0.7397826914918704,1.0895146131515503,5.038614273071289,0.9249184722820301,1.5264041423797607,25.40715217590332,0.9985119008128849,4.2653961181640625,7.185924530029297,0.9441058716638252,2.8254292011260986,9.339738845825195,0.8734374235507562,1.7426748275756836,12.452129364013672,0.984021286144355,3.9113516807556152,7.352327346801758,0.9996238532265493,4.592573642730713,-66.43461608886719,-12.338371276855469,0.49000000953674316,-8.088459014892578
000107,jet_flyover,-7.316621803731252,-8.334301948547363,0.643889543673591,1.0224425792694092,6.8475847244262695,0.8017776816209684,1.1747196912765503,22.267959594726562,0.9839790759530255,3.1518805027008057,-35.85247039794922,0.6964197378915326,1.0436930656433105,4.570657730102539,0.90081418039499,1.3336222171783447,26.699525833129883,0.9967984378940877,4.3834028244018555,8.917502403259277,0.9698389023137485,2.6732757091522217,6.123852729797363,0.7912945195636564,1.1608651876449585,11.890240669250488,0.9798093003936662,3.907862424850464,9.195548057556152,0.9991533653499778,4.573037624359131,-33.143978118896484,-7.479998588562012,0.19599999487400055,-8.235615730285645
000113,jet_flyover,6.978696331225686,-4.764750957489014,0.7496306004525813,1.1572849750518799,14.10534954071045,0.9092523797264477,2.0313704013824463,25.6182861328125,0.9938557933096172,4.287908554077148,-34.99102020263672,0.6605576787932124,1.1234939098358154,7.277450084686279,0.972052936818859,2.3454110622406006,28.067026138305664,0.9956058897023102,4.54762601852417,8.745070457458496,0.9848793879726021,2.8878097534179688,12.674415588378906,0.9007508253156967,2.178365707397461,19.234773635864258,0.9766474243182238,4.411172866821289,8.43610954284668,0.9997557786478937,4.592823028564453,-54.074283599853516,-11.734147071838379,0.5473333597183228,-9.031435012817383
000118,jet_flyover,1.531447252803087,-0.716582179069519,0.7646587188822028,1.052547812461853,11.516127586364746,0.9061520001193566,1.5303423404693604,24.383296966552734,0.994213866804964,3.5526981353759766,-30.039613723754883,0.7112104769113389,1.0379115343093872,4.952540874481201,0.9533221049167812,1.5611368417739868,30.37196922302246,0.9984798231192938,4.513935565948486,7.035043716430664,0.9755508733791228,2.648517608642578,10.241169929504395,0.8996017477734339,1.5146408081054688,15.938719749450684,0.9939059630678578,4.258458614349365,6.913397789001465,0.9998029558826239,4.573679447174072,-33.52568054199219,-11.484370231628418,0.3499999940395355,-6.770174026489258
000123,vehicle_interior,-5.457181425734335,-6.8086748123168945,0.6556513793120317,1.028935194015503,9.70645809173584,0.8753324938294782,1.3466458320617676,22.206775665283203,0.9895965128677893,3.314002513885498,-27.300155639648438,0.7245579759636772,1.0533032417297363,3.084486722946167,0.895234302635905,1.3877503871917725,26.622451782226562,0.9982571502313666,4.504995822906494,9.023853302001953,0.9657013711161886,2.4104504585266113,9.733726501464844,0.8754257492234382,1.3441758155822754,34.950748443603516,0.9999190625082006,4.51158332824707,9.35116958618164,0.9997096501159813,4.59399938583374,-28.88580322265625,-9.707733154296875,0.2293333262205124,-1.0797674655914307
000129,convoy_idle,12.052644748506896,-1.0340793132781982,0.7954048401075867,1.0785467624664307,14.680862426757812,0.9571802203316565,1.9331579208374023,28.396642684936523,0.9975440319684412,4.005341529846191,-59.31880187988281,0.6865372123236887,1.049249529838562,7.391810417175293,0.956320782823002,2.0181078910827637,32.0750617980957,0.9990898444150815,4.505189895629883,8.973193168640137,0.9701938503676234,2.818495512008667,14.613668441772461,0.9576038128778975,1.9257519245147705,32.23781204223633,0.9998295359932499,4.573515892028809,9.184537887573242,0.999710714756377,4.574814319610596,-47.48350524902344,-14.053909301757812,0.2866666615009308,-5.489134311676025
000134,distant_battle,4.111627970928101,-2.676182746887207,0.7830316646744193,1.0491751432418823,8.359530448913574,0.8757229535720745,1.2996628284454346,25.903770446777344,0.9941953331338158,3.2070016860961914,-26.16090965270996,0.7215562699077892,1.056307077407837,5.30839204788208,0.9279477744568972,1.403452754020691,29.61082649230957,0.9975668637552018,4.440537452697754,8.004638671875,0.9735991722451337,2.9291887283325195,6.700117588043213,0.8429714853985575,1.2671871185302734,10.289623260498047,0.9502643814991459,3.999103546142578,7.743115425109863,0.9996526925664885,4.591407775878906,-26.52019500732422,-8.996536254882812,0.4906666576862335,-8.14585018157959
000139,urban_patrol,10.932032410598843,-2.6811835765838623,0.7442032147378294,1.0496407747268677,13.043575286865234,0.8902479133533285,1.7247581481933594,23.384645462036133,0.9817192083531656,3.325734853744507,-49.268333435058594,0.629973318162042,1.0320324897766113,5.729465961456299,0.8930094822381539,1.4954125881195068,26.434513092041016,0.9984370753215732,4.47303581237793,8.445006370544434,0.9552568635080594,2.844343423843384,10.402692794799805,0.878454661699136,1.6408684253692627,13.860855102539062,0.9851927663417023,4.04885721206665,8.679096221923828,0.9993031983481,4.598559856414795,-60.39631652832031,-12.655348777770996,0.46933332085609436,-6.160146713256836
000145,artillery,-4.67582662200606,-9.696528434753418,0.46497383370083095,1.0189223289489746,3.896743059158325,0.6349677712921558,1.088649034500122,19.03667640686035,0.9259404378908695,2.585482597351074,-40.0529670715332,0.6090775641125918,1.0450361967086792,1.9387755393981934,0.8038201543974677,1.172947645187378,21.87908935546875,0.9858479730964869,4.22493314743042,7.98150110244751,0.9215489840412733,2.97708797454834,3.8319289684295654,0.6197777685409391,1.0834486484527588,19.350921630859375,0.9795413003594137,3.995842218399048,8.48117733001709,0.997992555769304,4.581531047821045,-33.515140533447266,-5.370928764343262,0.5019999742507935,-9.051602363586426
000150,drone_overhead,-1.3631845303435952,-8.634310722351074,0.597118101355849,1.0271416902542114,9.096979141235352,0.861375933593752,1.3131344318389893,21.55042266845703,0.9770039959184822,3.077357769012451,-30.741779327392578,0.6860707041543337,1.0471463203430176,4.998994827270508,0.889381658861356,1.3793433904647827,24.694433212280273,0.9970160012315129,4.462164402008057,8.475441932678223,0.9493446931798084,2.6179933547973633,7.872652053833008,0.8298879420400994,1.253702163696289,15.091957092285156,0.9698582949504398,3.8880584239959717,9.04245376586914,0.9992831663111392,4.6045403480529785,-48.61085510253906,-9.066635131835938,0.5339999794960022,-9.03222370147705
000156,firefight,13.33856962581768,-2.2659261226654053,0.7679368825521043,1.0609740018844604,13.532241821289062,0.9100295221356252,1.4993782043457031,25.617570877075195,0.9859548466389421,3.6663942337036133,-31.537321090698242,0.7215613679508199,1.0599310398101807,6.7724995613098145,0.9183539172067687,1.6688040494918823,28.151208877563477,0.9984086764254022,4.521174430847168,9.224848747253418,0.9407022901136736,2.1342039108276367,6.975768089294434,0.8770716505826526,1.417030930519104,9.663749694824219,0.9672574701412846,3.975515604019165,9.208028793334961,0.9987782826602116,4.583932399749756,-53.09165573120117,-12.352312088012695,0.35066667199134827,-9.017827033996582
000161,helo_lz,-3.8137570809977746,-3.276578903198242,0.7045120815355408,1.0256907939910889,11.524456977844238,0.8909826184705585,1.370542049407959,24.5855712890625,0.994999483081351,3.4343411922454834,-24.59607696533203,0.6742477473476476,1.0513662099838257,5.060489177703857,0.9352583248058403,1.4699369668960571,29.439199447631836,0.9980051144687607,4.525730609893799,8.120108604431152,0.9790877957955437,2.6820716857910156,10.582948684692383,0.8833214419283784,1.3645366430282593,16.892988204956055,0.9889676325725353,4.173799514770508,7.925963401794434,0.999625327121479,4.57818078994751,-29.654024124145508,-11.041728973388672,0.10999999940395355,-5.651417255401611
000166,firefight,6.282690187069413,2.498633861541748,0.7906098992733092,1.0543651580810547,16.188518524169922,0.926228591740245,1.9395694732666016,27.595975875854492,0.9893640753681064,3.6384568214416504,-29.32508659362793,0.6800797593975986,1.0401217937469482,7.925506591796875,0.9429617132342395,1.8832647800445557,31.051118850708008,0.9988495137953318,4.499691963195801,9.138293266296387,0.9590337144588775,2.778639793395996,11.976078033447266,0.9131424320171359,1.907860517501831,14.308757781982422,0.9821798388359345,4.192280292510986,9.270899772644043,0.9992733867832013,4.5793657302856445,-53.900455474853516,-14.3552885055542,0.07133333384990692,-6.792211055755615
000172,convoy_idle,-3.4170869155556014,-4.175912380218506,0.785926820523625,1.0575579404830933,15.490275382995605,0.9112464029212289,1.7927653789520264,26.63551139831543,0.984291827433744,3.425996780395508,-26.851974487304688,0.6753072260118432,1.0626150369644165,7.143597602844238,0.9350877146779525,1.8108546733856201,30.833845138549805,0.9985176061680516,4.311595916748047,8.73942756652832,0.9619920721212397,2.481506109237671,11.423633575439453,0.8911080406597711,1.7142136096954346,13.532512664794922,0.9750492993212833,3.75990629196167,8.60665512084961,0.9989200103785577,4.559886932373047,-48.16686248779297,-13.633150100708008,0.5419999957084656,-9.046067237854004
000177,armour_moving,14.7124407784268,-1.8298077583312988,0.8110808994974757,1.1195420026779175,14.926438331604004,0.9556111440590213,2.1409225463867188,27.690162658691406,0.9970023458333297,3.9778873920440674,-58.63022232055664,0.7402749007864678,1.066833257675171,7.363446235656738,0.9529047571425874,2.1346046924591064,32.14406204223633,0.9984622903161308,4.551568984985352,8.977807998657227,0.9774980571695343,3.140477180480957,7.957726001739502,0.9311862568335643,1.9875378608703613,9.890519142150879,0.9766785102260751,4.263753414154053,8.942792892456055,0.9996698837936493,4.577861785888672,-53.43763732910156,-14.085539817810059,0.445333331823349,-8.873506546020508
000182,convoy_idle,0.7846498465999758,-6.520418167114258,0.6243694052458162,1.0331580638885498,9.675799369812012,0.8466924349268042,1.2523372173309326,23.671457290649414,0.9910976828514656,3.3702502250671387,-27.216781616210938,0.6821018840972299,1.0559312105178833,4.94295072555542,0.919620777692789,1.420770287513733,28.667051315307617,0.9979180835423525,4.487323760986328,8.112037658691406,0.9700917795720442,3.070298671722412,8.840934753417969,0.8518077383987428,1.252475380897522,15.084100723266602,0.9794354678016287,4.066354751586914,8.031316757202148,0.9996120028482427,4.555099010467529,-28.38067626953125,-9.679192543029785,0.49133333563804626,-8.946182250976562
000188,armour_moving,2.192154679440483,-6.238243579864502,0.6703332220788066,1.0447248220443726,11.817184448242188,0.9193235157948143,1.6666218042373657,21.4151554107666,0.981241735727959,3.1671268939971924,-40.758052825927734,0.7655623884579111,1.0526142120361328,4.4497294425964355,0.9063073626669428,1.483039379119873,23.84454917907715,0.9974472393207745,4.468395233154297,7.935416221618652,0.9669273542703781,2.8590304851531982,9.321829795837402,0.9025737825235908,1.6116862297058105,12.138431549072266,0.9759677002870792,4.0459113121032715,8.000041961669922,0.9993967029350005,4.591832160949707,-62.604827880859375,-11.299346923828125,0.476666659116745,-8.961925506591797
000193,rain_ambush,11.020226262213892,-1.6015844345092773,0.8060313011791479,1.0506434440612793,12.99425220489502,0.9270951362890162,1.8418536186218262,24.196300506591797,0.9843504378814043,3.384078025817871,-27.358644485473633,0.7293598531163127,1.0492247343063354,7.2397003173828125,0.9278298232937527,1.6046679019927979,25.62455177307129,0.9984705983593165,4.493728160858154,9.007055282592773,0.9637242557025745,3.351635694503784,10.792311668395996,0.8909390559613691,1.8727381229400635,13.548497200012207,0.9639142194019307,4.153041362762451,9.224932670593262,0.9992189357970288,4.5718536376953125,-67.74906921386719,-11.775294303894043,0.4846666753292084,-8.809966087341309
000199,field_quiet,-3.0416601565529273,-5.382493019104004,0.6223714551937785,1.0248546600341797,10.019918441772461,0.8580218506326457,1.389115571975708,25.076387405395508,0.9905572641048209,3.4535722732543945,-79.9933853149414,0.7094813492337415,1.0500056743621826,6.025847911834717,0.9142333488560239,1.5587096214294434,30.66384506225586,0.9987588479352975,4.487177848815918,8.983695030212402,0.9746530030619274,3.3390443325042725,6.6065673828125,0.8210169876760425,1.3285038471221924,10.447282791137695,0.9615029792283003,3.787154197692871,9.191673278808594,0.9993148437845313,4.574177265167236,-34.67118835449219,-9.944621086120605,0.3346666693687439,-9.000021934509277
000204,helo_lz,4.7898601588141485,-4.30397891998291,0.6564368432727725,1.0351393222808838,11.344070434570312,0.8884938303989208,1.4305626153945923,22.225072860717773,0.9926903647418378,2.8782429695129395,-28.131248474121094,0.6759465186256569,1.0395272970199585,4.765529155731201,0.9334907384542713,1.3440511226654053,27.185649871826172,0.9982794575366782,4.305856227874756,7.703934192657471,0.9848400416293979,3.2337844371795654,6.899643898010254,0.8716877263343562,1.3559707403182983,10.146044731140137,0.9792580083717927,3.935170888900757,7.457120895385742,0.9996819633141236,4.5681562423706055,-31.83332061767578,-10.589781761169434,0.42800000309944153,-8.876063346862793
000209,helo_lz,14.584365764442751,6.8309173583984375,0.8962781561086556,1.245581865310669,18.81159782409668,0.9311282262134727,1.907449722290039,34.82278060913086,0.9985533001471519,4.381292343139648,-42.04938888549805,0.6770059598046606,1.0502182245254517,7.85592794418335,0.9722168418917702,2.800006151199341,36.55325698852539,0.9996410794943656,4.5436692237854,8.04662799835205,0.9627090095094097,2.758774518966675,10.794187545776367,0.9196380916436413,1.8177719116210938,12.140320777893066,0.9857700716127832,4.294250011444092,8.016642570495605,0.9993573324481474,4.579500675201416,-33.49928283691406,-16.28097915649414,0.2746666669845581,-6.672985553741455
000215,rain_ambush,-4.025383265526504,-4.228064060211182,0.7560736838337075,1.0375561714172363,12.992273330688477,0.9153874285885658,1.4776060581207275,24.71257781982422,0.9833617532694974,3.571938991546631,-44.65053939819336,0.7225539482403796,1.0550984144210815,5.276751518249512,0.9181136289916052,1.553666591644287,28.30817985534668,0.9977565547622561,4.453068733215332,9.0957612991333,0.9657944775629344,2.5532190799713135,8.753244400024414,0.8925076610633494,1.4506936073303223,11.594353675842285,0.9725583853074578,3.7772209644317627,9.110130310058594,0.9992677059439989,4.585857391357422,-46.39142608642578,-12.180097579956055,0.05999999865889549,-8.497318267822266
000220,urban_patrol,7.88879825229527,2.031353712081909,0.7680498141320599,1.0522633790969849,15.783828735351562,0.895766953041092,1.8015727996826172,28.215503692626953,0.9847165366380616,3.712815046310425,-44.24317932128906,0.6689344402203815,1.0372499227523804,7.994949817657471,0.9168601391920226,1.8348238468170166,31.317909240722656,0.998789034458655,4.5461883544921875,9.128273010253906,0.932360800074152,2.5445990562438965,12.094120979309082,0.8802443235600623,1.724290132522583,14.74273681640625,0.9884638916927234,4.2267608642578125,8.993453025817871,0.9990214506357717,4.600236415863037,-63.367835998535156,-14.935851097106934,0.445333331823349,-6.736824035644531
000226,jet_flyover,4.016711768266221,0.5138237476348877,0.7786548210411713,1.043174386024475,15.40454387664795,0.9115166481733974,1.984952449798584,29.64710235595703,0.983757498691114,3.772124767303467,-32.56854248046875,0.6698299015518246,1.0544131994247437,10.014853477478027,0.9085043370964884,1.9087456464767456,34.16602325439453,0.9975149253387326,4.515936851501465,11.958837509155273,0.957710669627753,3.2377853393554688,12.687036514282227,0.9050489976721398,2.0052402019500732,16.101551055908203,0.9948026077754565,4.412090301513672,12.481293678283691,0.9991931635305752,4.612806797027588,-46.63284683227539,-14.143583297729492,0.16866666078567505,-5.411679744720459
000231,vehicle_interior,-3.8019725645168663,-3.2428784370422363,0.6352853319921569,1.0257540941238403,11.765783309936523,0.8968164306441588,1.5448415279388428,22.573373794555664,0.9842737954234458,3.047257661819458,-47.77515411376953,0.6964231289868105,1.0417288541793823,4.918690204620361,0.8964233164481242,1.3816038370132446,26.724910736083984,0.9973146941321313,4.391421318054199,8.72668743133545,0.9720879172684348,2.9125216007232666,11.180683135986328,0.8841053998225801,1.5214815139770508,19.293787002563477,0.9889226899538909,4.08144474029541,8.989962577819824,0.9994174263248653,4.590432643890381,-58.00063705444336,-11.56318473815918,0.10999999940395355,-9.000265121459961
000236,field_quiet,1.1948984020529263,-3.707393169403076,0.714096598734421,1.034339427947998,12.40039348602295,0.8872094699701966,1.8638612031936646,23.320331573486328,0.9891613741419505,3.2251265048980713,-26.044960021972656,0.7310384027986344,1.0854415893554688,5.419363021850586,0.9245388077938569,1.5677348375320435,25.802539825439453,0.9987870938465204,4.3665595054626465,7.466970443725586,0.9465504393242699,2.819247007369995,11.018706321716309,0.8862278614257232,1.8444561958312988,15.905070304870605,0.9945573298087658,4.205292701721191,7.623116493225098,0.9996879493655663,4.597308158874512,-65.65767669677734,-12.255339622497559,0.49000000953674316,-4.5089287757873535
000242,rain_ambush,-2.017224152146648,-3.9019014835357666,0.6928339274043823,1.0291188955307007,7.245473861694336,0.822864773628954,1.2080276012420654,24.14224624633789,0.9875444294618175,3.25919771194458,-60.89454650878906,0.73399435891214,1.0582772493362427,4.259119987487793,0.9232249516046803,1.3683922290802002,27.371257781982422,0.9970845105046982,4.525800704956055,8.001510620117188,0.9695212204942504,2.2319297790527344,7.245474338531494,0.8228647738133129,1.2080283164978027,102.37654113769531,0.9999999999999982,4.643888473510742,8.346670150756836,0.9995896632567367,4.559928894042969,-23.187191009521484,-7.87538480758667,0.2526666522026062,0.0
000247,artillery,9.435851607420801,-4.46342658996582,0.7641231084842333,1.2136999368667603,14.639725685119629,0.9312228229015039,2.186063766479492,28.80197525024414,0.9982509849588259,4.214290142059326,-28.58659553527832,0.6562278877024333,1.1370986700057983,6.863000869750977,0.9656738781009115,2.233181953430176,33.58560562133789,0.9989598657660581,4.529024600982666,8.492073059082031,0.9757758618304141,3.148280620574951,9.590173721313477,0.8856826118110762,2.1952836513519287,12.169966697692871,0.9463486468846546,4.205262660980225,8.16988468170166,0.9997832795255546,4.601848125457764,-42.54194641113281,-14.282502174377441,0.5899999737739563,-8.200247764587402
000252,jet_flyover,9.385537535565955,-3.321866035461426,0.684794830805547,1.0430324077606201,11.347187042236328,0.9119910560745401,1.4465798139572144,22.6677303314209,0.9968541808078907,3.496168851852417,-30.421199798583984,0.7094897147001402,1.0382516384124756,4.0356059074401855,0.9451269143865451,1.4093096256256104,27.84518814086914,0.9984469736780885,4.470570087432861,7.280848026275635,0.9707306945896085,2.704374313354492,11.200121879577637,0.91187715835614,1.4412410259246826,26.692108154296875,0.9994232395833551,4.367263317108154,7.143080711364746,0.9998045808089392,4.575857639312744,-38.0704460144043,-11.139991760253906,0.37066665291786194,-2.569024085998535
000258,rain_ambush,-1.0074149233085041,-5.626798152923584,0.66242038293599,1.0360956192016602,9.022027015686035,0.8180832164759222,1.3931602239608765,25.74875831604004,0.9919158238329581,3.7276740074157715,-26.41735076904297,0.6811586356186977,1.0519145727157593,6.453192710876465,0.9156927042166886,1.683563470840454,29.975948333740234,0.9984361388895029,4.5290422439575195,9.244560241699219,0.9491729383117117,2.5737509727478027,8.054426193237305,0.7903781768844205,1.3404953479766846,15.253202438354492,0.9501284368180993,3.385468006134033,9.354694366455078,0.9990648982697723,4.585946559906006,-44.68505096435547,-9.38390827178955,0.4886666536331177,-8.24129867553711
000263,helo_lz,10.308531939984597,-2.7947897911071777,0.6871697156391867,1.0433745384216309,13.066856384277344,0.9224706277659882,1.5948607921600342,24.519554138183594,0.9950565959018142,3.6268842220306396,-52.60430908203125,0.7001744258604586,1.045748233795166,5.636816501617432,0.9447717774864957,1.653051733970642,27.013591766357422,0.9981597332953878,4.448235511779785,7.796444892883301,0.9708606664309456,3.212057590484619,7.426792144775391,0.8870750791340555,1.4339913129806519,10.0889310836792,0.9671890002941913,3.827279567718506,7.96098518371582,0.9996767171223082,4.555432319641113,-40.330963134765625,-12.288110733032227,0.28600001335144043,-8.935640335083008
000269,vehicle_interior,3.6533744988849897,2.356367588043213,0.7576071769194671,1.0502066612243652,15.010462760925293,0.9232617425031673,1.918552279472351,28.312061309814453,0.9886016640944723,3.583207130432129,-43.1871337890625,0.6827683582551346,1.060002326965332,8.557080268859863,0.9143417000453451,1.7002513408660889,34.36377716064453,0.9987925306714694,4.521259307861328,10.127177238464355,0.9522070300672392,2.8264174461364746,15.01046371459961,0.9232617423198365,1.9185514450073242,102.95222473144531,0.9999999999999977,4.643888473510742,10.675798416137695,0.9992680008051202,4.595522403717041,-38.811561584472656,-13.223106384277344,0.2786666750907898,0.0
000274,jet_flyover,-7.504133330780442,-10.781373977661133,0.5696576243943076,1.0210015773773193,8.281577110290527,0.8463073366307425,1.3096256256103516,19.457279205322266,0.9866595696881969,2.9104325771331787,-33.576629638671875,0.711382230819462,1.0357418060302734,2.5952694416046143,0.8900486441388509,1.2605904340744019,23.158109664916992,0.9958228409842965,4.441833019256592,8.069856643676758,0.971511857366844,3.134026288986206,8.326397895812988,0.8494484985729474,1.3036479949951172,25.405956268310547,0.9968096930381574,4.147719860076904,8.133781433105469,0.9995049926702775,4.579009056091309,-36.45585632324219,-8.394292831420898,0.49533334374427795,-9.018786430358887
000279,artillery,3.6010356414942795,-5.4836626052856445,0.6661776268426974,1.0333292484283447,10.258454322814941,0.8077805034434521,1.343008041381836,22.42446517944336,0.9603862223805143,3.034958839416504,-43.64419937133789,0.6551662016588403,1.0454747676849365,5.033886909484863,0.865027616469589,1.380865216255188,26.01272201538086,0.9950496443431046,4.347026824951172,7.989197254180908,0.9301303379441398,3.026723623275757,7.4269795417785645,0.7811463140591568,1.2971546649932861,11.616899490356445,0.9566832354807114,3.7357821464538574,8.0835599899292,0.9985988584460385,4.566165924072266,-38.735904693603516,-10.435638427734375,0.5019999742507935,-8.881404876708984
000285,engine_room,-6.127621374181937,-11.58389949798584,0.5243694684902428,1.0197361707687378,6.520742893218994,0.780002807350697,1.2552976608276367,18.678823471069336,0.9535731514334308,2.7748024463653564,-30.61561393737793,0.6888049082338287,1.0704878568649292,2.7063755989074707,0.8546175784217176,1.2993706464767456,21.794139862060547,0.993355388149839,4.234284400939941,7.754288196563721,0.923062807814561,2.8621928691864014,6.479264259338379,0.7796528881586117,1.2553527355194092,21.663890838623047,0.988544057330278,4.1126179695129395,8.509665489196777,0.9988339164572564,4.586945056915283,-34.367149353027344,-7.027864456176758,0.4933333396911621,-8.88024616241455
000290,armour_moving,6.21044467846726,-5.586246490478516,0.7049432902877184,1.0543144941329956,11.777630805969238,0.870650270406927,1.4133408069610596,23.567222595214844,0.9656057033393576,3.156254529953003,-33.36774444580078,0.7014274592170278,1.0671848058700562,5.877002716064453,0.8959858279879293,1.5051994323730469,27.963871002197266,0.9987698153755568,4.497141361236572,9.829863548278809,0.9360997030557892,2.2680022716522217,7.031783103942871,0.8334922546863818,1.3473118543624878,10.850968360900879,0.9635959644399491,3.857102155685425,9.75704574584961,0.9986033404818112,4.5953474044799805,-56.55540084838867,-11.447925567626953,0.3946666717529297,-8.879700660705566
000296,rain_ambush,-7.489783404958605,-7.091497421264648,0.5353336592136653,1.0278199911117554,7.3256449699401855,0.7214851044029499,1.2834887504577637,22.48186492919922,0.9616104484427066,3.1773314476013184,-42.23897933959961,0.6583698951175532,1.0767418146133423,4.375018119812012,0.8471029794883767,1.4770057201385498,27.098562240600586,0.9974867765243929,4.482491970062256,8.043333053588867,0.8885092431356613,2.405775785446167,5.846487998962402,0.6855121716689953,1.2390247583389282,13.622251510620117,0.9532716099778956,3.590620279312134,8.932268142700195,0.998648929258223,4.592625141143799,-35.80540466308594,-8.018802642822266,0.08799999952316284,-8.859930992126465
000301,artillery,-7.743859693320478,-7.157859802246094,0.5849665460460196,1.0395416021347046,3.7574028968811035,0.7947476990618378,1.1537741422653198,19.85564422607422,0.9942770001648724,3.2266058921813965,-29.49123191833496,0.7272859886009674,1.0603140592575073,2.153278350830078,0.9181166971665883,1.371645450592041,25.24876594543457,0.9980293015351898,4.4348464012146,7.750141143798828,0.983434330520831,2.8250882625579834,3.1074678897857666,0.7775486474227957,1.147607445716858,13.640399932861328,0.9837282664345308,3.853025436401367,7.864453315734863,0.9997747000028204,4.544773101806641,-18.999107360839844,-5.302495956420898,0.09533333033323288,-8.954341888427734
000306,vehicle_interior,3.4886630566835173,-2.919938087463379,0.7500887029405944,1.082302451133728,16.005064010620117,0.9265337414786291,1.8424179553985596,27.581405639648438,0.9853791620345518,3.507493495941162,-29.573894500732422,0.6804151782632107,1.0591124296188354,6.7318196296691895,0.9287135562559482,1.8017051219940186,31.644132614135742,0.9969308334014804,4.487036228179932,8.244865417480469,0.9656163792072935,2.5557000637054443,10.206029891967773,0.9034676869458268,1.7418467998504639,11.765193939208984,0.9715962853739364,3.896127939224243,8.057109832763672,0.9990326266115698,4.5651679039001465,-46.512123107910156,-14.197736740112305,0.5419999957084656,-8.643115997314453
000312,jet_flyover,10.139089232509747,6.982916831970215,0.8790355685018532,1.1447888612747192,17.84200668334961,0.9542428120061778,2.445469379425049,34.06767654418945,0.996520070241951,4.227863788604736,-36.28653335571289,0.6499337192464575,1.0547798871994019,10.4241943359375,0.9639086999315866,2.308344841003418,37.46294021606445,0.9993839702322604,4.52260160446167,10.690479278564453,0.9616527571051943,2.9518496990203857,17.842004776000977,0.9542428116111763,2.445472478866577,104.11800384521484,0.9999999999999891,4.643888473510742,11.085381507873535,0.9992913038828838,4.603324890136719,-59.08176040649414,-15.799860000610352,0.39533331990242004,0.0
000317,firefight,13.388443183339902,3.3388803005218506,0.8583309229165792,1.1251513957977295,16.301597595214844,0.9638052426986339,1.816577672958374,29.074607849121094,0.9985498283610534,4.2045578956604,-39.365699768066406,0.7337034376485245,1.0768673419952393,6.441092491149902,0.9820705658484652,2.3748910427093506,32.43265151977539,0.9991425100303942,4.520864486694336,7.700011253356934,0.9727311530811453,2.3661575317382812,16.290266036987305,0.9637304896184102,1.8165032863616943,52.06680679321289,0.9999806849437501,4.643888473510742,7.432186126708984,0.9995635605958372,4.5620503425598145,-34.206146240234375,-14.706069946289062,0.3553333282470703,-0.6425526738166809
000322,field_quiet,10.457635434083617,1.3835253715515137,0.9052695282134607,1.2915748357772827,16.767873764038086,0.9571261217990698,2.289533853530884,28.951129913330078,0.9980248470966955,4.187230587005615,-46.43860626220703,0.7628717502114558,1.0546983480453491,8.5130615234375,0.9651262330060502,2.6575541496276855,29.72420883178711,0.9998280497952893,4.558025360107422,8.737199783325195,0.967549878700106,2.907238245010376,11.500772476196289,0.9505429139047097,2.2796225547790527,13.071089744567871,0.9930150154918711,4.426850318908691,8.649704933166504,0.9995216237605588,4.602853775024414,-65.73548889160156,-15.304747581481934,0.47733333706855774,-7.792444705963135
000328,field_quiet,8.951138561353059,2.1199872493743896,0.8244662160744785,1.0761440992355347,14.347766876220703,0.9145143535786467,1.6156284809112549,27.892765045166016,0.9861603254100613,3.7653286457061768,-49.47404861450195,0.7177946279735388,1.045657753944397,8.161408424377441,0.9331263642987623,1.9939886331558228,31.556636810302734,0.99813059533585,4.510216236114502,9.796121597290039,0.9635167620189197,2.5817084312438965,8.720196723937988,0.8971251306676324,1.558472752571106,10.864603042602539,0.9708387144500606,4.0410284996032715,9.984972953796387,0.9992760085769444,4.581261157989502,-44.04690170288086,-13.225385665893555,0.14133332669734955,-8.918636322021484
000333,field_quiet,6.96022277080932,4.311038970947266,0.8816575190755276,1.0891685485839844,16.516277313232422,0.9504575233121516,2.191201686859131,31.503477096557617,0.9918048221363452,3.94289231300354,-42.26327896118164,0.7036757589363755,1.0499029159545898,8.713723182678223,0.959373157900755,2.202214241027832,36.32410430908203,0.9995736129433141,4.567439556121826,9.402056694030762,0.9730717196226099,3.302605390548706,11.717795372009277,0.9427079605464845,2.0588576793670654,13.571662902832031,0.9912806448591994,4.436478614807129,9.61439037322998,0.9993811461975598,4.599372863769531,-54.452056884765625,-14.943492889404297,0.3346666693687439,-5.991756916046143
000339,rain_ambush,-6.435691091989012,-6.659031391143799,0.5442589851355225,1.022292971611023,10.311901092529297,0.8597817874796347,1.2708402872085571,20.98479461669922,0.9857059547232515,3.1279563903808594,-31.348552703857422,0.7284369091053794,1.0505276918411255,3.207996368408203,0.9139185222728363,1.342980146408081,24.81326675415039,0.9978269288703586,4.520733833312988,7.9421281814575195,0.9747875222158656,2.577758312225342,8.848186492919922,0.849176582041752,1.2450073957443237,15.373249053955078,0.984249327677335,3.964482307434082,7.882510185241699,0.9995201381159202,4.574699878692627,-35.76976013183594,-9.826265335083008,0.03999999910593033,-9.016942024230957
000344,field_quiet,-1.4301060059140536,-3.195343494415283,0.6968082249243186,1.0318540334701538,10.45723819732666,0.8381145199293427,1.425883412361145,24.341121673583984,0.9766855426114679,3.4355218410491943,-29.922584533691406,0.7158581073308323,1.0614237785339355,6.497287750244141,0.8993061092861054,1.6264011859893799,30.18274688720703,0.9969774570981453,4.5018510818481445,9.716136932373047,0.9697614133141589,3.090681314468384,8.508158683776855,0.8246461242872931,1.4058988094329834,11.660621643066406,0.9798104438130378,3.97078013420105,9.758790969848633,0.9994582276570595,4.593371391296387,-44.94755554199219,-10.306909561157227,0.29600000381469727,-6.569832801818848
000349,helo_lz,13.506630860282971,3.740295886993408,0.8521315101302667,1.128377079963684,16.59662628173828,0.955420031227544,2.1436450481414795,30.73512840270996,0.9927508456226979,4.131929397583008,-67.56416320800781,0.6930736835249982,1.0591803789138794,8.683267593383789,0.9579377571824174,2.3810389041900635,34.60491180419922,0.9996700797375353,4.547050952911377,9.86686897277832,0.9609956778210333,2.5939574241638184,15.595714569091797,0.9512041203693399,2.1291990280151367,24.205284118652344,0.9970145296165467,4.390469551086426,10.01298713684082,0.9993638121823436,4.5945658683776855,-52.25851058959961,-14.944408416748047,0.09200000017881393,-4.004572868347168
000355,field_quiet,7.345299234822784,5.659405708312988,0.8389412283601136,1.0829695463180542,16.62700843811035,0.9312692021766089,1.9925205707550049,34.70051574707031,0.9967234182169913,4.1618828773498535,-36.530853271484375,0.7291922068735132,1.0569552183151245,10.260412216186523,0.9538218811526662,2.618325710296631,39.69211196899414,0.9995555426229763,4.604996681213379,10.69057559967041,0.9688785492800541,3.4695866107940674,14.619766235351562,0.9268782499187089,1.9999616146087646,17.992794036865234,0.9916231719281129,4.243614673614502,10.974334716796875,0.9994027333553053,4.604925155639648,-46.645973205566406,-15.08319091796875,0.281333327293396,-3.8500678539276123
000360,urban_patrol,-1.252808357808064,-4.049680709838867,0.6828634049764976,1.0241466760635376,10.777070999145508,0.8461625905848074,1.4962636232376099,24.541444778442383,0.976788214640209,3.279083013534546,-34.050926208496094,0.6768078879112366,1.052847981452942,7.156401634216309,0.8850790421970276,1.5358693599700928,30.599672317504883,0.9984377858215533,4.528331756591797,11.709403038024902,0.9569071799749518,3.206775188446045,8.501585006713867,0.8368160409641188,1.4821583032608032,13.003473281860352,0.9880032103881408,4.199763774871826,12.292031288146973,0.999194802711303,4.610647678375244,-47.549747467041016,-10.627811431884766,0.16866666078567505,-7.833585262298584
000365,firefight,14.737363527200273,7.968143463134766,0.9416582535517705,1.4880982637405396,18.015039443969727,0.9714353268468549,2.3651561737060547,36.98468780517578,0.9989843270935957,4.38571834564209,-64.12008666992188,0.68543557018404,1.0411471128463745,8.939610481262207,0.9786223690641354,2.820321559906006,41.01461410522461,0.9998524907642637,4.606003284454346,8.864029884338379,0.9728933616300506,2.903764247894287,17.996110916137695,0.9715169098140286,2.3641414642333984,39.04494094848633,0.9999488770124573,4.581253528594971,9.146222114562988,0.9994472453770318,4.597001075744629,-63.789649963378906,-15.912391662597656,0.10999999940395355,-1.0932023525238037
000371,helo_lz,9.25153548486131,-2.7289531230926514,0.6707520028285068,1.0358549356460571,9.62535285949707,0.8610252599845887,1.2912509441375732,22.24616241455078,0.9732735750150917,3.3575308322906494,-27.690937042236328,0.6706335454430494,1.040143370628357,4.953218460083008,0.8936979476334243,1.444668173789978,24.665206909179688,0.9973884595624635,4.473721504211426,7.032845497131348,0.9455717924866902,2.5300822257995605,6.373317718505859,0.8438026317505618,1.2344791889190674,10.284212112426758,0.9689896378671147,4.150298595428467,7.634490966796875,0.998497044693369,4.595162868499756,-18.085956573486328,-10.87972640991211,0.5419999957084656,-8.53624153137207
000376,jet_flyover,14.898855525733143,-3.4065210819244385,0.7648263468841662,1.0636776685714722,14.134965896606445,0.9379338198951976,1.4474400281906128,24.631765365600586,0.9881012274923413,3.5023207664489746,-45.11883544921875,0.7453292788456104,1.0578935146331787,5.417875289916992,0.9487781383977749,1.522026777267456,28.716848373413086,0.9989285787290042,4.544345855712891,7.847239971160889,0.9763563773768053,2.3351728916168213,10.674707412719727,0.931835358363523,1.4510231018066406,14.754901885986328,0.990594765960083,4.170241832733154,7.9402995109558105,0.9995367889896608,4.560163497924805,-39.590335845947266,-13.08284854888916,0.20800000429153442,-6.793575286865234
000382,distant_battle,2.1087459276180525,0.8902469277381897,0.7759268865501543,1.0446925163269043,12.744588851928711,0.903469809121992,1.677014946937561,28.28895378112793,0.9913482450323774,3.9338114261627197,-39.62983703613281,0.7116037794952637,1.0419459342956543,7.784558296203613,0.9317398346217378,2.011528730392456,31.37517738342285,0.9991508206463237,4.548418045043945,9.509937286376953,0.9594709006430223,2.657839059829712,9.416016578674316,0.8796055858629136,1.5971243381500244,12.363811492919922,0.9608663192821985,3.7015981674194336,9.574411392211914,0.9988847885531483,4.597167015075684,-30.065467834472656,-11.832624435424805,0.04266666620969772,-8.761276245117188
000387,urban_patrol,-5.031451322069523,-7.427887439727783,0.4972537388421745,1.1195083856582642,4.287650108337402,0.5713433278228687,1.0952938795089722,21.996658325195312,0.9860034848942931,3.0422627925872803,-29.510528564453125,0.7047474374783397,1.0571364164352417,2.986537218093872,0.8975295065336947,1.282904028892517,27.03759765625,0.9974450962419951,4.475298881530762,6.970335006713867,0.9651233705473286,2.967880964279175,4.6772589683532715,0.5573950420058442,1.0922526121139526,17.699995040893555,0.9773610812881012,3.898226022720337,6.94387149810791,0.9994116355963849,4.573519706726074,-19.78856086730957,-5.543946743011475,0.09933333098888397,-8.834561347961426
000392,firefight,3.3632369313998804,-4.059798240661621,0.6735084623466321,1.0381077527999878,12.507649421691895,0.888506632664329,1.6385712623596191,22.877277374267578,0.9817477852484277,3.2287025451660156,-28.09233856201172,0.687316122731814,1.0473463535308838,6.058492660522461,0.8978379167489879,1.4929015636444092,25.561981201171875,0.9963638736988197,4.474001407623291,8.881965637207031,0.957659416051595,2.57401967048645,9.36877155303955,0.8558709374740401,1.6492178440093994,12.36899471282959,0.9630685317353809,4.077692985534668,8.947404861450195,0.9991394590641424,4.570742130279541,-38.419002532958984,-12.013368606567383,0.4886666536331177,-8.47905445098877
000398,artillery,-1.494250010718794,-7.806966781616211,0.6204878475243203,1.058603286743164,9.62246036529541,0.8356579320359957,1.2482295036315918,20.89919090270996,0.9651062302180702,2.774341344833374,-42.657440185546875,0.6902002038700059,1.0401365756988525,3.2741479873657227,0.876103922296369,1.270686388015747,25.870267868041992,0.9966505686233891,4.479475498199463,8.38832950592041,0.9328457297852192,2.3960602283477783,7.088629722595215,0.8271505591030707,1.1985960006713867,11.493722915649414,0.9726654607534176,3.6881511211395264,8.918784141540527,0.9988653662498705,4.587192535400391,-42.0656623840332,-9.693655014038086,0.4506666660308838,-8.94737434387207
000403,jet_flyover,1.6498951859911273,-3.0284392833709717,0.6321306908509055,1.0370409488677979,7.524462699890137,0.8313971112221197,1.3229516744613647,25.042694091796875,0.9854357522007677,3.360215425491333,-44.98727798461914,0.684889935900345,1.0600917339324951,6.608953952789307,0.9061742211515063,1.5120021104812622,29.94552230834961,0.9979715351787819,4.479962348937988,10.248250007629395,0.9572399804614485,2.939483165740967,7.459335803985596,0.8292015089911169,1.3142929077148438,31.528322219848633,0.9988244317893461,4.506798267364502,10.675698280334473,0.9992644609427284,4.59414529800415,-23.488759994506836,-8.28033447265625,0.27799999713897705,-3.356536388397217
000409,drone_overhead,7.844296907171573,4.715041637420654,0.8641553925240533,1.1149120330810547,14.410594940185547,0.9241197384683218,1.562028408050537,31.46200180053711,0.9967242273485363,4.300065040588379,-30.8194522857666,0.6872827190223263,1.0452122688293457,8.675783157348633,0.9606317529886057,2.481546640396118,34.081703186035156,0.9997508509334967,4.559046268463135,9.086234092712402,0.9611363053655388,2.8296897411346436,9.550869941711426,0.9159345096748103,1.5365264415740967,11.667586326599121,0.9853388734495377,4.196913719177246,9.203590393066406,0.998974391923198,4.593524932861328,-38.420814514160156,-13.756112098693848,0.0573333315551281,-6.909021377563477
000414,jet_flyover,3.293431807261676,-3.429379940032959,0.7236269545947056,1.1082205772399902,12.034843444824219,0.9135257014277832,1.4225550889968872,25.076053619384766,0.9934810736952405,3.5397422313690186,-34.996150970458984,0.68078370347774,1.0480985641479492,5.284695148468018,0.9476295114609455,1.628096103668213,30.23642349243164,0.9991180245555532,4.569358825683594,7.7095537185668945,0.9712503770349249,2.1552021503448486,11.040058135986328,0.902377086700218,1.4100353717803955,20.605937957763672,0.9967300064141233,4.393910884857178,7.65656042098999,0.9996825172191324,4.586877822875977,-30.984607696533203,-11.958518028259277,0.20133332908153534,-5.3345112800598145
000419,vehicle_interior,-5.437694527547072,-8.12503433227539,0.7013198437994709,1.0264121294021606,10.4520902633667,0.8586231617503604,1.3221659660339355,21.393386840820312,0.9743406382329607,3.257033348083496,-29.51091766357422,0.6974021574382187,1.0644457340240479,5.523632049560547,0.9009535057347707,1.5410574674606323,24.27898406982422,0.9967805630950818,4.423095226287842,7.309438705444336,0.9378971448023841,3.017608880996704,7.052938938140869,0.8422774976215107,1.2802059650421143,11.634984016418457,0.9710018433306403,3.8685197830200195,7.815723896026611,0.9985390695598868,4.582574367523193,-59.382415771484375,-9.981022834777832,0.4933333396911621,-9.050019264221191
000425,vehicle_interior,8.507200902550473,2.9929580688476562,0.8447025017409148,1.1015108823776245,17.401399612426758,0.9581775232519368,2.474268913269043,30.50136375427246,0.9979519386340651,3.9426207542419434,-31.889436721801758,0.7139255375465142,1.0427188873291016,8.633821487426758,0.96625528402313,2.1718502044677734,33.59028625488281,0.9994430825998105,4.523825645446777,9.300064086914062,0.9801094506588223,3.286073923110962,9.45364761352539,0.9332278332987869,2.352538824081421,10.945505142211914,0.968958105517833,4.127994060516357,9.446332931518555,0.9996097210485352,4.604612827301025,-50.752586364746094,-15.362614631652832,0.33133333921432495,-7.450320243835449
000430,drone_overhead,-4.0561563764850055,-5.935546875,0.5334984414135915,1.053006887435913,3.0710222721099854,0.6402193305530942,1.1508640050888062,23.388774871826172,0.9656029470886349,3.2714035511016846,-48.615081787109375,0.6561656324370256,1.0719916820526123,3.8502681255340576,0.856579237361682,1.4845194816589355,27.964710235595703,0.9973904649515339,4.47169828414917,7.653720855712891,0.8910666760213364,2.3776748180389404,2.4885365962982178,0.6273367365121022,1.1500935554504395,14.508519172668457,0.9830560090116318,4.046092510223389,8.604743957519531,0.9986545842199396,4.594101428985596,-27.797710418701172,-4.744443416595459,0.08266666531562805,-8.077786445617676
000435,drone_overhead,10.04572287745652,3.8666677474975586,0.8436751475646768,1.1083587408065796,17.319347381591797,0.9726642999715152,2.0709710121154785,30.735437393188477,0.9992211308584938,4.101624011993408,-30.622440338134766,0.7299467834871041,1.0596084594726562,6.973507404327393,0.9827706951150271,2.323580741882324,34.29098129272461,0.9995461785564252,4.504996299743652,7.493046760559082,0.9859500675245493,3.1032485961914062,15.523890495300293,0.9672472253688852,2.0435471534729004,20.674476623535156,0.9952712923145848,4.417081832885742,7.634313583374023,0.999810149303355,4.583551406860352,-50.71635437011719,-15.581860542297363,0.0820000022649765,-5.563732147216797
000441,helo_lz,3.680658257442273,-4.019443035125732,0.6268588775100781,1.035679578781128,10.145520210266113,0.8515770853889889,1.4181948900222778,25.627696990966797,0.9769781889174969,3.191621780395508,-32.64940643310547,0.6758898770320647,1.0491299629211426,6.050612926483154,0.8877202864303158,1.448716640472412,30.247631072998047,0.9978336179271322,4.485219478607178,8.822636604309082,0.9478066149502002,2.6737537384033203,8.465187072753906,0.8225700459447823,1.3604466915130615,13.261514663696289,0.9653645331372754,3.8093278408050537,8.817376136779785,0.9993059871619688,4.584856033325195,-17.04492950439453,-11.310216903686523,0.45533332228660583,-8.897555351257324
000446,armour_moving,2.819602029350266,-2.680647850036621,0.7362814864376885,1.0298222303390503,13.262449264526367,0.8989747239679845,1.6116845607757568,26.02436065673828,0.984482129414316,3.4528942108154297,-36.16510009765625,0.6495238436602536,1.0548925399780273,7.1624321937561035,0.9060337969621605,1.5302700996398926,29.70040512084961,0.998282064842475,4.486485481262207,10.632792472839355,0.9589595545895983,2.9119489192962646,13.141044616699219,0.8985917486951427,1.5997207164764404,34.07569885253906,0.9994687585734215,4.565083980560303,11.07508659362793,0.9992812322750932,4.6031413078308105,-44.80541229248047,-12.194814682006836,0.39533331990242004,-1.9924228191375732
000452,firefight,-2.758462223328366,-7.267380714416504,0.550548832376839,1.0196737051010132,10.250137329101562,0.8459513995792576,1.3455243110656738,21.785186767578125,0.9746277463922475,3.029510974884033,-44.29701232910156,0.6600525797829186,1.034940481185913,4.051846504211426,0.8994203487848104,1.2866438627243042,25.509296417236328,0.9976422652022722,4.47091817855835,7.106619834899902,0.9564014834005105,2.96736741065979,8.989776611328125,0.8289570951973522,1.3041691780090332,14.634864807128906,0.9573401903317019,3.5059032440185547,7.653430938720703,0.9989750371857056,4.575177192687988,-63.9151611328125,-10.256749153137207,0.4699999988079071,-8.932239532470703
000457,jet_flyover,2.356373928212486,-0.8032408356666565,0.7324446544072047,1.0537229776382446,13.523929595947266,0.9142926303960499,1.649808406829834,24.949857711791992,0.9925399093235243,3.564650774002075,-53.893653869628906,0.710768633966,1.049494743347168,5.4902753829956055,0.9514205008562207,1.6220457553863525,31.241191864013672,0.9989806321544281,4.4774489402771,7.332680702209473,0.9638613262230756,2.7296321392059326,11.246895790100098,0.9104829407812403,1.617769479751587,16.105405807495117,0.9945979831440096,4.354181289672852,7.41633415222168,0.999617170954318,4.599025726318359,-50.46098327636719,-12.859525680541992,0.1379999965429306,-8.054612159729004
000462,urban_patrol,12.540229299129123,-0.858558177947998,0.8008563561359013,1.0737557411193848,12.616703033447266,0.918885583619961,1.7268892526626587,26.263633728027344,0.9899802566461171,3.8252856731414795,-44.0855712890625,0.6895044462801899,1.0533204078674316,7.177394866943359,0.9298650727439327,1.9574925899505615,30.258480072021484,0.9988712964635877,4.53702974319458,10.195699691772461,0.9524098382349185,2.4727931022644043,10.132922172546387,0.9124196997747607,1.6422767639160156,16.69000816345215,0.9932819555394204,4.4418768882751465,10.825301170349121,0.999360992371605,4.594507694244385,-49.48887634277344,-11.805692672729492,0.20399999618530273,-6.302452087402344
000468,jet_flyover,5.6665113964172615,-0.05957167595624924,0.7940080413542525,1.0470482110977173,14.547337532043457,0.933105984115923,1.9328227043151855,26.96751594543457,0.9908566570668705,3.7685115337371826,-32.922061920166016,0.7370746678588401,1.0715680122375488,8.45833683013916,0.9201020774999593,1.8155021667480469,31.48465347290039,0.9986575381484323,4.525504112243652,10.876931190490723,0.9771822684446725,3.5360360145568848,10.294943809509277,0.9232053091831194,1.8681843280792236,12.814245223999023,0.9879039899909339,4.3165974617004395,11.099586486816406,0.999465764411094,4.60645866394043,-54.981468200683594,-13.415836334228516,0.3773333430290222,-6.9592437744140625
000473,armour_moving,3.2064312940750703,-3.113157272338867,0.6931564613796081,1.0542174577713013,13.595484733581543,0.8987341210885321,1.5353727340698242,25.909133911132812,0.989368010281169,3.5852580070495605,-40.04291534423828,0.7059744823157581,1.049004316329956,5.087929725646973,0.9295093172333383,1.5178905725479126,29.745399475097656,0.9982986040895059,4.512275695800781,7.930389404296875,0.9681951847801901,2.4437415599823,13.127021789550781,0.8945954807014013,1.5248808860778809,26.31362533569336,0.9985398763416884,4.480531215667725,8.083830833435059,0.9995004406824007,4.577783584594727,-47.456478118896484,-12.937067031860352,0.04533333331346512,-4.131798267364502
000478,convoy_idle,4.348903634145499,-3.6339988708496094,0.683447819324281,1.0350279808044434,11.955713272094727,0.8738483347263719,1.622955322265625,25.309917449951172,0.9831774850728542,3.5541043281555176,-31.123868942260742,0.6967806473475284,1.0651657581329346,6.584763526916504,0.9046501278687918,1.6293272972106934,30.969627380371094,0.9981079844424712,4.5267558097839355,9.752800941467285,0.9688269880281062,2.993831157684326,7.376894474029541,0.8614711238488098,1.5311200618743896,10.576257705688477,0.9843584223764332,4.325385570526123,9.869641304016113,0.9994324625594716,4.59807825088501,-42.5846061706543,-11.244854927062988,0.29600000381469727,-8.085264205932617
000484,artillery,-7.377453756221431,-9.785298347473145,0.625877244644811,1.0232185125350952,5.063284873962402,0.748459360977496,1.1544623374938965,21.80081558227539,0.9775084180385045,3.3717219829559326,-29.501441955566406,0.7092883506346197,1.067610740661621,4.064371585845947,0.8942198636139422,1.4291765689849854,23.777406692504883,0.9974732034506775,4.401993751525879,8.111518859863281,0.9514316897452887,2.9767940044403076,5.41262674331665,0.7481584108466613,1.1320858001708984,16.88968276977539,0.9785606690138451,3.7925734519958496,8.529695510864258,0.9992385931016605,4.580080032348633,-26.90247344970703,-6.242976665496826,0.437333345413208,-8.483083724975586
000489,jet_flyover,13.918993052468565,4.260181903839111,0.8345542001799676,1.1281360387802124,16.831689834594727,0.9444604794037498,2.305150270462036,32.48761749267578,0.9923898114153282,4.02839994430542,-31.865581512451172,0.7295200935012346,1.055740475654602,9.522891998291016,0.9446146258091057,2.3011624813079834,37.05398178100586,0.9993441286973568,4.564010143280029,10.414322853088379,0.9692912438159617,3.4704384803771973,12.183700561523438,0.9293968191255098,2.263536214828491,14.472654342651367,0.9826168742251019,4.190927505493164,10.68226432800293,0.9994170858360749,4.604267120361328,-30.970287322998047,-15.165816307067871,0.281333327293396,-7.815202713012695
000495,jet_flyover,9.354246857228578,-0.570925235748291,0.7181311978085855,1.0735077857971191,14.522353172302246,0.9008398074543391,1.7683875560760498,28.947477340698242,0.9959679773618393,4.05585241317749,-31.80621337890625,0.6959973845881563,1.0648521184921265,8.673439979553223,0.9369660590492813,1.9113699197769165,32.235069274902344,0.9983985996744146,4.5263872146606445,10.114437103271484,0.9723754291834928,2.951432466506958,11.369843482971191,0.8742641956729451,1.7318445444107056,14.85588550567627,0.983043434329597,4.473231315612793,10.388299942016602,0.9996973209430557,4.608134746551514,-38.91570281982422,-13.482743263244629,0.16200000047683716,-7.62531042098999
000500,urban_patrol,4.5386154980013735,1.4297598600387573,0.8341166162154937,1.0505292415618896,15.610381126403809,0.9450227606312792,1.8997260332107544,28.477237701416016,0.9912100450887777,3.879422426223755,-30.103017807006836,0.7293962897292499,1.0536640882492065,6.90360164642334,0.9414872801271565,1.6974656581878662,32.403404235839844,0.9991560898891276,4.509355545043945,7.985334396362305,0.963900482308319,2.6064140796661377,12.920607566833496,0.9408075115959902,1.8589544296264648,16.686891555786133,0.9934628639821436,4.168347358703613,8.158970832824707,0.9994886633530787,4.581651210784912,-54.8829345703125,-14.187963485717773,0.20600000023841858,-6.7154459953308105
000505,jet_flyover,2.154027721538057,-5.745017051696777,0.7031998843779456,1.3043584823608398,7.904727935791016,0.7961465115804505,1.1851614713668823,23.368732452392578,0.9679451750673665,2.9830732345581055,-24.275184631347656,0.6849614039496041,1.041832447052002,5.60561466217041,0.9174221071948789,1.5885995626449585,26.523942947387695,0.997091982089735,4.410397052764893,7.424688339233398,0.9520283696605005,2.6206231117248535,6.629554748535156,0.7664224000948218,1.1554473638534546,11.391514778137207,0.9522489619890706,3.765547752380371,7.967703819274902,0.9984753381518887,4.556020259857178,-22.266613006591797,-8.730473518371582,0.5426666736602783,-9.026001930236816
000511,firefight,-5.516246064743617,-6.35005521774292,0.6221317225269696,1.0328395366668701,9.637237548828125,0.8095620279742639,1.1524524688720703,27.894237518310547,0.9967643247336001,3.5875566005706787,-36.70166778564453,0.6776173541357783,1.043347716331482,5.139626502990723,0.9424551601432353,1.4481165409088135,32.872108459472656,0.9988497894827607,4.543872356414795,7.1016316413879395,0.9736272817556086,2.2237539291381836,8.473429679870605,0.7886449251616088,1.1344660520553589,14.696516990661621,0.9825244313595834,3.7319045066833496,6.898617744445801,0.9997308088024532,4.57753324508667,-37.3996467590332,-9.905158996582031,0.2993333339691162,-8.697003364562988
000516,convoy_idle,12.444117850974902,7.714529037475586,0.8818254432967941,1.235512375831604,17.541645050048828,0.9430939912416778,2.1499922275543213,32.371734619140625,0.9945041143549447,4.147736072540283,-41.52492141723633,0.690009310622842,1.0409166812896729,9.618741989135742,0.9379851784912364,2.378920316696167,34.55115509033203,0.999561255784293,4.532449722290039,9.912409782409668,0.9437680241027068,2.6061880588531494,16.462387084960938,0.9416662596228503,2.1509809494018555,23.2529354095459,0.9990133480806924,4.590375900268555,10.080024719238281,0.9990492290686854,4.610411167144775,-46.10362243652344,-15.387028694152832,0.06333333253860474,-3.085508346557617
000522,artillery,-2.636367816579022,-7.566462516784668,0.6467074337791696,1.0621801614761353,3.6802735328674316,0.80171033776561,1.217690348625183,23.317920684814453,0.9917806284094424,3.579120635986328,-37.04210662841797,0.7089729567518577,1.0722839832305908,5.454291820526123,0.9175809925166558,1.580967664718628,27.171165466308594,0.9976723108537588,4.519363880157471,10.04448127746582,0.9817809481243204,3.573143482208252,3.7439990043640137,0.7966167583197491,1.230147123336792,13.472244262695312,0.9628640861367003,4.011688709259033,10.114959716796875,0.9996731778924454,4.5965895652771,-13.878732681274414,-5.960301399230957,0.5413333177566528,-8.750118255615234
000527,engine_room,13.298990962132986,-3.1569266319274902,0.7792946701342363,1.1179492473602295,13.857508659362793,0.930647803894678,2.1481924057006836,22.18871307373047,0.9917565265437891,3.7018465995788574,-48.29490661621094,0.7205413060098727,1.070801854133606,6.483102798461914,0.937920172524201,1.9267456531524658,22.93238067626953,0.9990353738791498,4.513085842132568,7.69844913482666,0.9461490277107316,3.015428304672241,10.466813087463379,0.9062030237099207,1.95937180519104,12.28555679321289,0.9618970745991642,3.976959466934204,7.799659252166748,0.999123933955671,4.568848133087158,-66.30436706542969,-12.489251136779785,0.4233333468437195,-9.037582397460938
000532,firefight,-6.037629454179666,-9.90180778503418,0.5494931051974705,1.021451711654663,6.853025436401367,0.7960725494170147,1.222373604774475,20.75765609741211,0.9649367678114037,3.1705377101898193,-53.09265899658203,0.6828223825373099,1.0400218963623047,3.7591052055358887,0.8710578991223007,1.3620398044586182,24.300487518310547,0.9971982033285198,4.5211310386657715,8.566577911376953,0.92179696629021,2.5406157970428467,5.283350467681885,0.7858764106593357,1.17368745803833,14.606576919555664,0.9823578621213269,3.9176478385925293,9.150127410888672,0.998475822684277,4.575410842895508,-61.57181167602539,-7.406369209289551,0.4506666660308838,-8.4953031539917
000538,artillery,-2.1640459152735403,-5.482761383056641,0.6255776773602987,1.0240532159805298,4.035022258758545,0.8050780763649535,1.1122796535491943,23.564556121826172,0.9661139763697894,2.795550584793091,-27.901756286621094,0.6470186586216817,1.031407117843628,5.509483337402344,0.8831023002624662,1.3061485290527344,29.753463745117188,0.9969567321663623,4.357364177703857,7.964366912841797,0.935139861118169,2.5538291931152344,3.211408853530884,0.7860621571768114,1.1125386953353882,12.261935234069824,0.9701996580443283,3.797895669937134,8.124696731567383,0.9991208012619119,4.548952579498291,-8.54336929321289,-7.704009056091309,0.48399999737739563,-8.159035682678223
000543,jet_flyover,11.110498654616315,7.922244548797607,0.8843038406783474,1.228371500968933,17.599411010742188,0.9474083825239009,2.2429351806640625,34.52410125732422,0.9961035890259516,4.300222396850586,-30.187158584594727,0.6606539764547521,1.048953652381897,10.04926586151123,0.9541917887219536,2.586923837661743,36.66135787963867,0.9995160158076758,4.572513580322266,9.576801300048828,0.9406998978854215,2.394714117050171,17.59941291809082,0.9474083822877608,2.2429354190826416,102.55024719238281,0.9999999999999978,4.643888473510742,10.2701416015625,0.999050806737242,4.6049275398254395,-46.40788650512695,-15.820903778076172,0.07199999690055847,0.0
000548,artillery,10.105823743268967,1.4435970783233643,0.8523118846934463,1.1847015619277954,17.812416076660156,0.9570952783926788,1.8064706325531006,31.797733306884766,0.9983855452204269,4.018145561218262,-35.46984100341797,0.6871429009353929,1.0513406991958618,6.965546131134033,0.9740357067377376,2.3917269706726074,35.453697204589844,0.9997572536451075,4.533873081207275,7.635285377502441,0.9747132782784882,2.2783896923065186,13.393037796020508,0.9441089459897408,1.7277227640151978,16.157222747802734,0.9892220200683665,4.399620532989502,7.4900712966918945,0.9996563600658904,4.589910984039307,-49.24245834350586,-15.647634506225586,0.1666666716337204,-7.529994010925293
000554,rain_ambush,-6.1639238650672326,-8.994958877563477,0.4593931734704615,1.0228230953216553,7.7688069343566895,0.798561174116711,1.2552133798599243,18.035446166992188,0.9755656358895741,2.9199376106262207,-33.64254379272461,0.6803345996152401,1.0575991868972778,3.1085684299468994,0.8971053225347994,1.3457000255584717,21.545616149902344,0.9970909393751122,4.384513854980469,9.211167335510254,0.9526130089582084,2.685098886489868,6.812233924865723,0.792968297853833,1.2590854167938232,18.10971450805664,0.9934964239390663,4.217198371887207,9.242899894714355,0.9991370866247024,4.604885101318359,-47.54514694213867,-8.05036449432373,0.37533333897590637,-9.026203155517578
000559,engine_room,4.584965045440207,-4.454251289367676,0.6190090855932646,1.0284481048583984,11.988031387329102,0.8620330764206542,1.477642297744751,24.80010986328125,0.9931763310956998,3.4860363006591797,-42.746910095214844,0.6991016239159269,1.0472081899642944,6.090989112854004,0.9062467469163964,1.5551679134368896,28.623029708862305,0.9976189715074983,4.5215864181518555,9.542695999145508,0.9722740423216044,3.074852705001831,5.794543266296387,0.8294785782154835,1.3739218711853027,9.125856399536133,0.9710120279003787,3.8239359855651855,9.673615455627441,0.9996256755585653,4.597482681274414,-39.704288482666016,-11.64853286743164,0.33799999952316284,-8.828043937683105
000565,rain_ambush,-4.106582312935542,-5.693404674530029,0.5799521673227962,1.0292085409164429,6.898280143737793,0.7112669073640908,1.2136942148208618,23.15239906311035,0.9819575907956472,3.373553991317749,-34.50817108154297,0.6830612057351612,1.0717447996139526,4.665760040283203,0.8729530259479243,1.5546605587005615,27.223817825317383,0.9965917048064301,4.523662567138672,10.2874174118042,0.9594536803718632,3.2958898544311523,6.790307998657227,0.7022430803998908,1.196970820426941,18.331087112426758,0.9914705432631451,4.376021385192871,10.8119535446167,0.9995621839220031,4.5652008056640625,-21.14984130859375,-7.632513523101807,0.17266666889190674,-4.27194356918335
000570,rain_ambush,-2.264462330626931,-6.812442779541016,0.6392043512114899,1.144404411315918,8.253055572509766,0.7550047302797653,1.312366008758545,21.726343154907227,0.9666425461672159,2.9572367668151855,-46.2309684753418,0.7100293642378037,1.0672931671142578,6.003528118133545,0.897812759056399,1.4989663362503052,25.205276489257812,0.9971202225713376,4.45581579208374,7.740057945251465,0.9320028674192908,2.2419683933258057,7.943305492401123,0.7459848756496265,1.2853407859802246,14.644426345825195,0.9531038463725591,3.33681058883667,8.301560401916504,0.9990808677907885,4.5206217765808105,-22.209304809570312,-8.706456184387207,0.5113333463668823,-9.055362701416016
000575,urban_patrol,14.411416005941412,-2.565706253051758,0.7577570352727031,1.0562717914581299,11.093255043029785,0.8933909741881564,1.5987523794174194,24.664613723754883,0.9898337607739777,3.6223583221435547,-35.12098693847656,0.6714011241537345,1.0472116470336914,5.595290660858154,0.9229198591146804,1.616957664489746,29.120136260986328,0.9985134053402516,4.528433799743652,9.082414627075195,0.9360740238225035,2.629274845123291,9.64876937866211,0.8877497965030181,1.5640442371368408,15.143326759338379,0.9891171409618311,3.9105050563812256,9.04899787902832,0.9993093835583589,4.590591907501221,-42.70132064819336,-11.059261322021484,0.4560000002384186,-5.218376159667969
000581,firefight,-3.2913579602925083,-6.6771979331970215,0.6301408065975421,1.02361261844635,8.767024993896484,0.7604223694877584,1.1990023851394653,25.138111114501953,0.9851982183913637,3.465669631958008,-37.91111755371094,0.692457984471361,1.043466567993164,5.386701583862305,0.8957735979487139,1.406111478805542,29.44963836669922,0.998034528956467,4.501729965209961,9.39458179473877,0.956770430063338,2.656482696533203,8.155144691467285,0.7386620698724163,1.1888635158538818,15.183944702148438,0.9765977312068786,3.8828611373901367,9.595682144165039,0.9993008840475706,4.587934494018555,-33.052581787109375,-9.080759048461914,0.4326666593551636,-7.713784217834473
000586,drone_overhead,-3.3489939916451217,-8.526041030883789,0.5232847952060069,1.019927978515625,7.022143363952637,0.7531771516924978,1.1494871377944946,19.681697845458984,0.9528868123938348,2.7117865085601807,-40.819549560546875,0.6535904200005933,1.0338528156280518,3.4283971786499023,0.8819971628039849,1.3353304862976074,23.20039939880371,0.9956283680335624,4.394505500793457,7.373046398162842,0.9620097794243979,3.048318386077881,6.964096546173096,0.7536195885527417,1.1364473104476929,22.28593635559082,0.9851520692596686,3.9901483058929443,7.821614742279053,0.9990778284866959,4.580920219421387,-29.63918685913086,-7.576067924499512,0.468666672706604,-9.002877235412598
000592,firefight,12.738178481329555,1.4276673793792725,0.8539384013608194,1.1384164094924927,15.96328353881836,0.9623174387696892,2.0275397300720215,29.071121215820312,0.9984051374945594,4.10545539855957,-48.654823303222656,0.7264070028531971,1.0600650310516357,6.728537559509277,0.9688098457509712,1.9984157085418701,32.41242218017578,0.9995209735321925,4.537675857543945,8.1297607421875,0.9704048685485498,2.7436909675598145,15.41049575805664,0.9615857764332514,2.015012502670288,24.664478302001953,0.9988185300759906,4.384784698486328,8.147175788879395,0.9996327556330526,4.583883762359619,-59.00201416015625,-13.941173553466797,0.09333333373069763,-2.650453805923462
000597,vehicle_interior,-4.519653781884399,-5.217564105987549,0.7054514903835566,1.0288822650909424,11.756240844726562,0.8862123805852112,1.5123295783996582,24.8751220703125,0.9931733499997335,3.5873687267303467,-26.80844497680664,0.6888475229985214,1.0491020679473877,5.762499809265137,0.9308178369121616,1.4544823169708252,29.15121841430664,0.9986793473618026,4.382946014404297,8.785909652709961,0.9650404394847609,2.9378044605255127,11.498322486877441,0.8812847949558918,1.504892110824585,29.278583526611328,0.9988057599775086,4.459042072296143,8.852425575256348,0.9993346807133076,4.593080043792725,-47.93931579589844,-11.067608833312988,0.25999999046325684,-3.5858259201049805
000602,convoy_idle,4.495203129051717,-0.3354150354862213,0.7334393859369408,1.0448930263519287,12.520740509033203,0.9002903172580294,1.578005313873291,26.82935905456543,0.9860488143941996,3.382821559906006,-41.595611572265625,0.7226249185355176,1.075352430343628,8.159278869628906,0.8952891839823366,1.597093105316162,31.788097381591797,0.9976124003116502,4.51181697845459,11.17514705657959,0.9705529298860358,3.3924033641815186,12.320823669433594,0.8994746815512105,1.5807816982269287,23.831167221069336,0.9989869432893096,4.601141452789307,11.544992446899414,0.9994927964695869,4.613698959350586,-26.13746452331543,-12.434049606323242,0.3773333430290222,-2.793510913848877
000608,armour_moving,7.415196562080013,-5.987861156463623,0.6720824791799076,1.0291787385940552,10.411458969116211,0.8520096637968181,1.3015718460083008,22.51559829711914,0.9670659687141908,2.7169954776763916,-40.153499603271484,0.7295343041244734,1.066847562789917,4.837966442108154,0.9027011320636616,1.342306137084961,26.67812156677246,0.9966552895031903,4.432055473327637,8.52737808227539,0.95193103916032,2.720427989959717,8.661233901977539,0.8364206888508121,1.2807276248931885,14.479982376098633,0.9694436932975404,3.663459539413452,9.01441764831543,0.9994107557284583,4.595374584197998,-33.44862747192383,-10.370387077331543,0.4866666793823242,-8.930410385131836
000613,distant_battle,-2.4234589427471693,-4.527874946594238,0.659296261222376,1.0663104057312012,7.443525791168213,0.7809107036185235,1.1597036123275757,24.563119888305664,0.9917266786659362,3.6707773208618164,-37.77838134765625,0.7090897223027786,1.0638713836669922,4.488128185272217,0.9239480349482364,1.5372344255447388,28.56726837158203,0.9988141110919806,4.530078887939453,8.012971878051758,0.9535369999021891,2.486516237258911,6.22402286529541,0.7721112676486209,1.1707485914230347,13.160715103149414,0.9728061237815804,3.826836347579956,7.910513401031494,0.999326120360853,4.579685688018799,-18.452957153320312,-8.119579315185547,0.13333334028720856,-8.989859580993652
000618,armour_moving,-3.8232200941243395,-10.056904792785645,0.6163735835092,1.0265259742736816,9.0814790725708,0.8686427293476161,1.425925374031067,19.067752838134766,0.9780979211710505,3.1660592555999756,-30.502662658691406,0.7316142463481698,1.061752438545227,2.6479673385620117,0.8851534784422855,1.3211534023284912,21.172639846801758,0.996707227796284,4.468253135681152,7.618960380554199,0.9602048839883915,2.9149956703186035,8.634316444396973,0.8591999662142691,1.4038240909576416,15.56666374206543,0.976261990604151,3.800450325012207,8.096649169921875,0.9993471711801768,4.582635879516602,-42.18349075317383,-9.244791984558105,0.437333345413208,-7.588831901550293
000624,helo_lz,-5.459633253551273,-7.731835842132568,0.520779789770769,1.0412124395370483,3.73356556892395,0.7074460094973534,1.099916696548462,22.339313507080078,0.980130157530039,3.2057266235351562,-27.823972702026367,0.6898201817185378,1.0481051206588745,3.3873162269592285,0.863292664357778,1.2189373970031738,25.65237808227539,0.9975775997897899,4.47476863861084,8.498885154724121,0.9496059818249823,2.6200547218322754,3.4482498168945312,0.6977146325906863,1.0980567932128906,13.011409759521484,0.9789164244299386,3.866926431655884,8.682188034057617,0.9992869989995837,4.599812984466553,-10.558186531066895,-5.495986461639404,0.15733332931995392,-8.67035961151123
000629,vehicle_interior,10.728363705692317,-4.82656192779541,0.7432759808033295,1.0627646446228027,12.264215469360352,0.8973777891226531,1.703941822052002,29.081144332885742,0.9949298029753946,3.9227802753448486,-33.02933120727539,0.6933482730288151,1.068742275238037,7.487382411956787,0.9315409388943845,1.8699474334716797,34.25607681274414,0.9986794949733726,4.5660810470581055,10.249485969543457,0.9586262808523338,2.7454402446746826,10.484620094299316,0.8924378781073425,1.6215693950653076,18.43097496032715,0.996266856026926,4.390608310699463,10.955948829650879,0.9997226401889392,4.610472202301025,-39.290164947509766,-11.987410545349121,0.16599999368190765,-4.754446029663086
000635,artillery,-1.6179999477749893,-8.81558609008789,0.642663681309651,1.201182246208191,7.286684513092041,0.8195560974512788,1.2748578786849976,20.700328826904297,0.9639316690950243,2.7926690578460693,-37.708431243896484,0.7036267431672812,1.0550847053527832,4.290675640106201,0.8707707083241057,1.3922611474990845,25.03305435180664,0.9977158675553796,4.415408134460449,7.986207485198975,0.9500760825929224,2.6464762687683105,6.9354658126831055,0.8128299092409575,1.239051103591919,15.094511032104492,0.9745050351005122,3.802729368209839,8.420318603515625,0.9988905368989525,4.580604553222656,-20.038328170776367,-8.188882827758789,0.4880000054836273,-9.051946640014648
000640,drone_overhead,-2.485233488342663,-9.723036766052246,0.5492461151612401,1.0269948244094849,3.1843268871307373,0.7321703287481898,1.1153874397277832,20.80597686767578,0.9683985600008557,3.0072855949401855,-33.85801696777344,0.7067775968316766,1.0587139129638672,4.10595703125,0.8690493866175274,1.3544461727142334,24.97035789489746,0.9964051619953622,4.509161472320557,9.155996322631836,0.9340467086503528,2.5548179149627686,1.930707573890686,0.7138897486211706,1.0966603755950928,10.933416366577148,0.9648441883516808,3.7778193950653076,9.546406745910645,0.998585138842983,4.578585624694824,-15.709694862365723,-5.2527289390563965,0.503333330154419,-8.881219863891602
000645,rain_ambush,12.964103617134853,-2.6326539516448975,0.79687373229487,1.0848543643951416,16.220722198486328,0.9289118779429253,1.5613044500350952,28.4815616607666,0.9976848926395439,3.8511972427368164,-32.02085494995117,0.6769959607776279,1.0424844026565552,5.768713474273682,0.9658185381928025,1.6617552042007446,34.62112045288086,0.9994042222152854,4.568803310394287,7.012655735015869,0.9775397134736553,2.3267078399658203,11.273094177246094,0.9175561368014232,1.5330426692962646,13.152876853942871,0.9829723631313904,3.84901762008667,6.809877395629883,0.9997089929884383,4.571620464324951,-42.048057556152344,-15.264220237731934,0.28999999165534973,-8.010468482971191
000651,firefight,-5.539463280546947,-9.524728775024414,0.6265263485925908,1.0249123573303223,9.446990966796875,0.8426070052598373,1.409838318824768,20.3327579498291,0.9578101186626232,3.0575897693634033,-41.03744888305664,0.7233715773122451,1.0440341234207153,3.9794766902923584,0.8775659082430254,1.3513553142547607,23.134044647216797,0.9957573905580723,4.392393589019775,8.004657745361328,0.9455514191666833,2.7739369869232178,9.19135856628418,0.8258768427088535,1.3958274126052856,17.62346649169922,0.9737668789416585,3.840343475341797,8.598896980285645,0.9990199570755612,4.600222587585449,-29.64687156677246,-9.646905899047852,0.5506666898727417,-8.848112106323242
000656,helo_lz,7.0226465165690755,1.6508407592773438,0.8576020598127869,1.1525523662567139,15.604141235351562,0.9561352344767072,1.8465917110443115,28.403728485107422,0.9945701184899843,4.056593894958496,-47.57942581176758,0.6987393351870601,1.075058937072754,9.05890941619873,0.9590644299353589,2.2848384380340576,33.113372802734375,0.9989809785410593,4.462566375732422,10.411206245422363,0.9795549903325308,3.2511343955993652,13.376091957092285,0.9548555709768939,1.8388601541519165,17.587766647338867,0.9949520108951313,4.422453880310059,10.557424545288086,0.9997189460549945,4.607250213623047,-44.67033004760742,-14.598483085632324,0.5419999957084656,-6.173372745513916
000661,distant_battle,4.001707704712109,-0.6152359247207642,0.7840326277199022,1.1053082942962646,13.883033752441406,0.9010557087954497,2.0393073558807373,25.0511531829834,0.9933291551874652,3.85107159614563,-46.073638916015625,0.7214246246901602,1.0694611072540283,7.396547317504883,0.9336023065675513,1.9478588104248047,26.573516845703125,0.9989984789814856,4.539884567260742,8.53768539428711,0.939357471047054,2.9723658561706543,10.846067428588867,0.8928682150966627,2.0087287425994873,13.675132751464844,0.9810117367970488,4.185497283935547,8.831504821777344,0.9993027823409905,4.59426212310791,-42.592655181884766,-13.49029541015625,0.4233333468437195,-7.865920543670654
000667,firefight,-7.45499990356986,-7.135499954223633,0.6427087561593798,1.0237337350845337,10.431605339050293,0.8919273754104945,1.2786308526992798,20.99247932434082,0.9869459147895151,3.2245965003967285,-46.56309509277344,0.7250037715542397,1.0503369569778442,3.7770376205444336,0.9290005395239578,1.4198838472366333,24.11012840270996,0.998152299522516,4.486385345458984,8.272117614746094,0.9655411769732319,2.875364303588867,8.713623046875,0.8786636712720984,1.250017523765564,14.089993476867676,0.9780921248936228,3.8236494064331055,8.191615104675293,0.9994186425129707,4.57684326171875,-46.19218444824219,-9.951041221618652,0.06599999964237213,-8.809178352355957
000672,engine_room,10.816206117727376,0.1723717749118805,0.7504040248150078,1.0595319271087646,16.21953010559082,0.8825036179496041,1.778199315071106,28.2884578704834,0.9829196581183083,3.4781816005706787,-31.955814361572266,0.6310985073589795,1.0350046157836914,7.331422805786133,0.9175987464228381,1.7053635120391846,30.35919189453125,0.9983964436804905,4.464301109313965,8.18157958984375,0.9249219421925636,2.402207851409912,11.384328842163086,0.8594787921954595,1.553650140762329,14.64529800415039,0.9763092894764107,3.894050359725952,8.381263732910156,0.9991770191253867,4.5586256980896,-64.99039459228516,-15.177465438842773,0.4860000014305115,-7.836571216583252
000678,urban_patrol,-5.02295356128022,-7.51517391204834,0.521446892275551,1.0218390226364136,11.539849281311035,0.7769805527869517,1.2942616939544678,22.763694763183594,0.9763168508523844,3.029818296432495,-29.508514404296875,0.6859753037344875,1.0393260717391968,5.3923468589782715,0.8957180649976615,1.321279764175415,24.817630767822266,0.9979431499643439,4.468186855316162,7.650088787078857,0.9193570174267413,2.611158609390259,9.658159255981445,0.7640944104997005,1.247199535369873,17.09193992614746,0.9724449505512422,3.7701332569122314,8.001740455627441,0.9993644451187114,4.612637996673584,-40.64255142211914,-11.527861595153809,0.4673333466053009,-6.249484539031982
000683,drone_overhead,-0.13355854459096328,-1.9833667278289795,0.6798724776783653,1.0262447595596313,12.501031875610352,0.907848395577793,1.6203408241271973,22.469072341918945,0.9940500547884562,3.449230670928955,-28.6099796295166,0.726434662958603,1.0448107719421387,5.008945465087891,0.9376795773547542,1.5343278646469116,28.32952308654785,0.9985467523503109,4.510409832000732,8.78827953338623,0.9702883802904005,3.009969472885132,12.436493873596191,0.9073843766069581,1.616092562675476,39.333274841308594,0.9998765196488685,4.5905537605285645,8.869261741638184,0.999763634506994,4.590693473815918,-41.916038513183594,-11.721285820007324,0.14733333885669708,-1.244813084602356
000688,convoy_idle,-1.994831893166122,-3.8414225578308105,0.6113341665008911,1.0267282724380493,12.368900299072266,0.8924920568709854,1.5242335796356201,24.12854766845703,0.9817914725465634,3.1077709197998047,-34.75502014160156,0.6864363648293089,1.0572212934494019,5.4754109382629395,0.917016474694213,1.4041434526443481,29.530010223388672,0.9987790540183672,4.479984760284424,9.095378875732422,0.9508758639783591,2.555314064025879,11.73874282836914,0.8847226923264722,1.5125775337219238,19.46984100341797,0.9959142380884187,4.411223411560059,9.092748641967773,0.9993886060841629,4.612626075744629,-46.82966613769531,-12.155372619628906,0.37533333897590637,-3.610999822616577
000694,helo_lz,8.647741263953066,-1.6405491828918457,0.7950044567052407,1.0524775981903076,11.367806434631348,0.9435047105225485,1.7548388242721558,24.87094497680664,0.9957128213597486,3.539102077484131,-30.46935272216797,0.7335713939799583,1.058760643005371,5.97095251083374,0.9540430558272149,1.751206874847412,29.65888786315918,0.9985999943306485,4.480206489562988,8.376302719116211,0.9854400058299521,3.445770502090454,7.088868141174316,0.9042162358003073,1.7145434617996216,10.432056427001953,0.968663722824964,4.047005653381348,8.482038497924805,0.9994864610512825,4.555858612060547,-17.844776153564453,-11.778016090393066,0.3100000023841858,-9.038448333740234
000699,field_quiet,7.774357726681831,1.0418258905410767,0.8203594423092677,1.1586401462554932,14.919586181640625,0.9433711868259743,2.1409647464752197,27.44503402709961,0.9951377349074667,4.06645393371582,-34.17854690551758,0.6858120327377971,1.068372130393982,8.346199035644531,0.9572663610905885,2.4471988677978516,31.032230377197266,0.999172522392514,4.582748889923096,10.22073745727539,0.9642623977577093,3.4530110359191895,10.637482643127441,0.9334423257953638,2.0704991817474365,13.59820556640625,0.9870770281260732,4.380862236022949,10.56872844696045,0.9994584495330466,4.597521781921387,-50.99618911743164,-13.694844245910645,0.17000000178813934,-8.082412719726562
000705,armour_moving,14.545721408170309,-1.9727704524993896,0.751398738917829,1.0548352003097534,13.891205787658691,0.9186638449455634,1.984044075012207,22.09252166748047,0.9775143499406581,3.1783621311187744,-36.28044128417969,0.7415045648830096,1.076549768447876,5.578417778015137,0.9210354809660642,1.599453330039978,24.67142105102539,0.9968202435535787,4.359482288360596,8.82129955291748,0.9750479334317587,3.465965747833252,9.274515151977539,0.8924576629032347,1.8882999420166016,11.887229919433594,0.9724468502712631,3.999638319015503,8.763686180114746,0.999344760442807,4.5965447425842285,-49.653926849365234,-12.488212585449219,0.36000001430511475,-8.760074615478516
000710,field_quiet,-4.6350860150916695,-5.730682373046875,0.6570126594378848,1.023783802986145,8.28468132019043,0.854278649593569,1.2274421453475952,23.48297119140625,0.9868748794298136,3.4347286224365234,-38.04295349121094,0.7438696962886975,1.0462079048156738,5.645516395568848,0.9182485116905212,1.4672291278839111,28.046443939208984,0.9982504982229655,4.516119956970215,8.963566780090332,0.9741635199099352,2.5031487941741943,7.676257133483887,0.8491071685668075,1.2158074378967285,13.253108024597168,0.9773989956068054,3.6958868503570557,9.152079582214355,0.9992370199064169,4.564369201660156,-30.574108123779297,-8.540056228637695,0.28600001335144043,-8.874971389770508
000715,drone_overhead,14.812095049638703,7.239780902862549,0.9258575113768619,1.4025200605392456,16.371051788330078,0.9553007886483099,2.094200849533081,36.60503005981445,0.9980605464655503,4.392253398895264,-33.1602897644043,0.7019751520414882,1.0409297943115234,9.340136528015137,0.9629985278174865,2.6352062225341797,39.164634704589844,0.9998013769967076,4.5684895515441895,9.339692115783691,0.9631877070330845,2.6517157554626465,11.946419715881348,0.9481542876492085,2.0988881587982178,14.340385437011719,0.9943403654044968,4.497386455535889,9.493520736694336,0.999309761598053,4.600552558898926,-23.94403648376465,-15.710250854492188,0.4326666593551636,-5.346613883972168
000721,distant_battle,5.131903135792287,0.30393677949905396,0.7193103232722705,1.0424491167068481,15.593375205993652,0.935619032657489,1.9831407070159912,26.45760726928711,0.9944768178606289,3.6890900135040283,-28.11043930053711,0.7098532141550867,1.055885672569275,6.618352890014648,0.950278810548882,1.767181396484375,31.30115509033203,0.9992609024342333,4.524110317230225,8.2733793258667,0.9730369546643902,3.1441941261291504,9.426019668579102,0.921049826081069,1.928972840309143,11.374930381774902,0.9808753526937782,4.163233280181885,8.121387481689453,0.9995350422583602,4.581380367279053,-65.23733520507812,-14.296483039855957,0.29733332991600037,-8.384038925170898
000726,armour_moving,9.028030290976819,-2.448167562484741,0.7937895256989409,1.1094624996185303,15.096641540527344,0.9392507480986464,1.7044949531555176,26.44085121154785,0.9947235536386262,3.637485980987549,-47.634246826171875,0.7251809507575795,1.058372974395752,5.890076637268066,0.9493807920281419,1.5958421230316162,29.589149475097656,0.9989324504916758,4.450656890869141,7.918837547302246,0.9711118198059852,2.8565738201141357,11.036121368408203,0.932746868002093,1.659162163734436,14.291259765625,0.9930966298888998,4.257517337799072,7.870973587036133,0.9996161406573248,4.577639579772949,-45.23268127441406,-13.52257251739502,0.10599999874830246,-8.096941947937012
000731,drone_overhead,14.7160653444935,7.721956253051758,0.9390292643518661,1.3759307861328125,18.64543342590332,0.9686291186324346,2.537492275238037,35.50592041015625,0.9983911846273823,4.306275844573975,-27.03019905090332,0.6880291505832989,1.0490922927856445,8.683375358581543,0.9810525575446816,2.8781516551971436,38.26409149169922,0.9997524404171034,4.538771152496338,8.836095809936523,0.9660395980964045,2.967092752456665,18.645435333251953,0.9686291184752964,2.5374839305877686,104.38248443603516,0.9999999999999979,4.643888473510742,8.865533828735352,0.9993291416801593,4.592807292938232,-40.543880462646484,-15.811079025268555,0.2593333423137665,0.0
000737,armour_moving,10.755375084669637,-1.272519826889038,0.7002249164880335,1.0354455709457397,13.45949935913086,0.8672390613877393,1.7693078517913818,22.468536376953125,0.9693405432101295,3.177312135696411,-33.54301071166992,0.6999337007027245,1.0552988052368164,4.7330803871154785,0.9050118518886866,1.449005126953125,24.171066284179688,0.9978344857517506,4.469179153442383,6.2376885414123535,0.9243186982986352,2.6811530590057373,12.138800621032715,0.8662712814298332,1.71096932888031,18.92165756225586,0.9956182577537173,4.2829108238220215,6.817293167114258,0.9991772822259819,4.573458194732666,-67.5032730102539,-12.222387313842773,0.4273333251476288,-3.9413676261901855
000742,urban_patrol,-7.051372365035984,-6.74747896194458,0.6661923974693449,1.0252882242202759,4.243149280548096,0.7611874502914749,1.1514962911605835,23.062307357788086,0.9697264742371551,3.004976749420166,-53.27621841430664,0.7205790710891964,1.06173574924469,5.340116024017334,0.9013808535149862,1.3490269184112549,25.733736038208008,0.9967197844759074,4.292260646820068,8.47607421875,0.9417663540493487,2.5595409870147705,3.8142666816711426,0.74856100687259,1.1433442831039429,13.59952163696289,0.976532784043726,4.2057952880859375,9.036836624145508,0.9994351803247415,4.577907085418701,-29.16349220275879,-5.571536064147949,0.4866666793823242,-7.634969234466553
000748,vehicle_interior,1.1220631964928103,-1.6137700080871582,0.7923400703314374,1.0448602437973022,15.585144996643066,0.9239888095461418,1.7064452171325684,28.339460372924805,0.9870543616633174,3.8602232933044434,-38.55982971191406,0.6849403013251949,1.064610242843628,6.790203094482422,0.9316112712655962,1.7638120651245117,32.51408004760742,0.9980175021382671,4.555760860443115,8.539955139160156,0.9549313435443585,2.362339973449707,15.52582836151123,0.9237919913445701,1.7145087718963623,31.729900360107422,0.9994989392053057,4.518049240112305,8.600235939025879,0.9994507033286728,4.606701850891113,-54.8030891418457,-14.271620750427246,0.14399999380111694,-4.875322341918945
000753,helo_lz,14.84208441050323,-0.3378981649875641,0.7760006118806982,1.0912537574768066,12.901277542114258,0.9035460631272957,1.6457595825195312,24.505977630615234,0.9831737196300954,3.6307859420776367,-32.02342224121094,0.6767628706126783,1.0577468872070312,7.055398941040039,0.9390982881764266,1.8995187282562256,27.255821228027344,0.9980210918719161,4.530803680419922,9.709333419799805,0.9663452573399629,3.032104730606079,6.034924507141113,0.8819199643222467,1.5814766883850098,8.82011890411377,0.9773279223046799,4.174546718597412,9.6767578125,0.9994055250621529,4.60834264755249,-31.23174476623535,-11.825142860412598,0.3813333213329315,-8.927799224853516
000758,rain_ambush,8.499563554573491,-0.6835507154464722,0.7594875554708456,1.04646635055542,14.617799758911133,0.9108643144748579,1.697790265083313,26.50103759765625,0.98768789974649,3.553483009338379,-23.155839920043945,0.6949472766306763,1.0445215702056885,6.394667625427246,0.9258588794721934,1.725189208984375,30.226030349731445,0.9985222258027324,4.454589366912842,7.837154865264893,0.9554289611809167,2.707707405090332,7.427901744842529,0.8881630775899224,1.6491150856018066,9.199541091918945,0.9744993309957258,3.8393373489379883,7.886998176574707,0.999405192619565,4.591187477111816,-45.14762496948242,-12.519702911376953,0.1340000033378601,-9.007879257202148
000764,urban_patrol,11.21987750091619,0.578009843826294,0.8283542486285543,1.0803756713867188,14.43127155303955,0.9531975867114588,2.182094097137451,26.463085174560547,0.9947169857008876,3.930752754211426,-37.467124938964844,0.6937615910553442,1.057689905166626,7.2786712646484375,0.961189525762247,2.045915365219116,29.761234283447266,0.9986735475964119,4.490148544311523,9.247794151306152,0.9800551060036846,3.0000603199005127,13.124664306640625,0.9507731409982664,2.12166690826416,20.764915466308594,0.9971980911610071,4.250980854034424,9.30553913116455,0.9996079930175268,4.57463264465332,-58.062015533447266,-13.249940872192383,0.1886666715145111,-4.188827991485596
000769,convoy_idle,11.460277309941208,-2.494497537612915,0.7542325202292905,1.0484213829040527,12.83906364440918,0.9049836122996484,1.7853504419326782,21.944869995117188,0.9792865522607271,3.4032793045043945,-34.96961975097656,0.7150828542102936,1.0529861450195312,5.964446544647217,0.9035900655163065,1.6394164562225342,23.608123779296875,0.9963916880550638,4.444204330444336,7.38682222366333,0.9499528583890273,2.660050630569458,9.316322326660156,0.8801750560263526,1.6437456607818604,11.80517292022705,0.9698254624073689,3.894899845123291,7.711133003234863,0.9990726369947904,4.566905975341797,-25.384370803833008,-12.571252822875977,0.4880000054836273,-8.900701522827148
000774,armour_moving,-3.710261672479252,-10.428033828735352,0.598399420520218,1.0247769355773926,8.777865409851074,0.8480677484140865,1.2789404392242432,21.191293716430664,0.9605504245367539,2.930499792098999,-40.56104278564453,0.7001063357320122,1.0506629943847656,4.022828102111816,0.868587578898252,1.302857518196106,25.528541564941406,0.9977780296004631,4.400039196014404,8.637187957763672,0.9386791364129693,2.5559043884277344,8.255838394165039,0.840963938764768,1.2679626941680908,15.643620491027832,0.9850606591477182,3.942963123321533,9.113197326660156,0.9988933354860317,4.573740482330322,-52.35690689086914,-8.736159324645996,0.503333330154419,-9.037635803222656
000780,armour_moving,13.132083813086584,1.7597286701202393,0.8698488502418831,1.1375688314437866,16.0191650390625,0.9684974157511816,2.426053524017334,26.970500946044922,0.9938095614339483,3.745645761489868,-30.43745994567871,0.6716868270375511,1.0474929809570312,7.9101948738098145,0.9577567089568533,1.9726457595825195,31.619773864746094,0.9986486617061409,4.514591217041016,9.292344093322754,0.9841071126553342,3.3439981937408447,14.999950408935547,0.9671788044847446,2.384408712387085,21.034366607666016,0.9978711288619524,4.360012531280518,9.287337303161621,0.9996450120169919,4.596529483795166,-57.43486404418945,-14.603096008300781,0.5120000243186951,-6.293893337249756
000785,firefight,8.521520812635561,-3.4120755195617676,0.7149607523624931,1.0314358472824097,13.089643478393555,0.8656044553820721,1.650649070739746,25.19599723815918,0.9655417278569779,3.1236801147460938,-44.29222106933594,0.7103779298939171,1.0450444221496582,7.180176734924316,0.8818821192529884,1.5532524585723877,27.870004653930664,0.9972118158185415,4.467569351196289,8.462769508361816,0.9285642165038325,2.6722307205200195,12.455678939819336,0.8643850447570781,1.6160309314727783,21.308124542236328,0.9878146976147513,4.112172603607178,9.1256103515625,0.9990509020915271,4.60699462890625,-63.83207321166992,-12.872865676879883,0.5513333082199097,-5.796781539916992
000791,urban_patrol,13.34812423498526,4.301354885101318,0.8839207084792875,1.1081345081329346,17.11985969543457,0.9762861316077464,2.5370497703552246,32.015716552734375,0.9985925663681284,4.1515727043151855,-40.572296142578125,0.6979158267875109,1.0606019496917725,9.054219245910645,0.9788938256929667,2.3722851276397705,35.1153678894043,0.9996577839128539,4.5822834968566895,9.479655265808105,0.9806150986220039,3.3480756282806396,15.853882789611816,0.9753690853760164,2.4985177516937256,22.084455490112305,0.9992689046250491,4.486217498779297,9.680946350097656,0.9997667475008898,4.588179588317871,-55.720821380615234,-14.557376861572266,0.4153333306312561,-2.7937307357788086
000796,rain_ambush,-0.09269361920125263,-7.094574928283691,0.5613592091390461,1.0212417840957642,9.300980567932129,0.7747991765226391,1.290573000907898,20.008716583251953,0.9706673942856616,2.7992091178894043,-27.967182159423828,0.6495759569901504,1.0643419027328491,4.198103427886963,0.8808166417581232,1.3262568712234497,23.307353973388672,0.9970095248769644,4.374641418457031,7.817228317260742,0.9330568859712657,2.202324151992798,8.273098945617676,0.7693528067010085,1.2717763185501099,16.884469985961914,0.9862199396806525,3.7936055660247803,7.933198928833008,0.9993201616202542,4.577803611755371,-66.40453338623047,-8.596595764160156,0.46666666865348816,-9.032266616821289
000801,convoy_idle,13.223705728537382,6.513742446899414,0.9128929671577114,1.223143219947815,17.555423736572266,0.9596854478301852,2.207667589187622,30.904539108276367,0.9977694035916403,4.2301506996154785,-43.56611633300781,0.7211985230854173,1.0482937097549438,7.926497459411621,0.9802531301354427,2.761680841445923,32.894466400146484,0.9997680870640013,4.536126136779785,8.385451316833496,0.9675496767417395,2.9039039611816406,12.633147239685059,0.9580229720438815,2.2006030082702637,14.441328048706055,0.9953569413382432,4.4832634925842285,8.29276180267334,0.9994680421721162,4.579089641571045,-61.80269241333008,-15.509695053100586,0.06733333319425583,-5.918750762939453
000807,urban_patrol,6.744597305529579,-4.904012203216553,0.6432115499302772,1.0350252389907837,11.18039608001709,0.9002572587402582,1.5406246185302734,21.817581176757812,0.9894660976228502,3.2099623680114746,-72.62652587890625,0.7464031783056763,1.049220085144043,4.335396766662598,0.9091139985856175,1.3940019607543945,24.97770118713379,0.996663752636738,4.489136695861816,8.306968688964844,0.9704817595589138,2.9376776218414307,8.138193130493164,0.8794600876795576,1.5479764938354492,12.349639892578125,0.9757032095324333,4.277085304260254,8.181487083435059,0.9992501083121108,4.58380651473999,-66.63433837890625,-11.00832748413086,0.47999998927116394,-9.013821601867676
000812,urban_patrol,11.594414508873122,2.8438756465911865,0.7922909305204997,1.074097990989685,14.412202835083008,0.920804510988335,1.9029310941696167,21.813373565673828,0.9948216593263124,3.826270818710327,-38.91852569580078,0.7037399244906537,1.0376107692718506,5.925271987915039,0.9515624972059044,1.8620498180389404,22.194217681884766,0.9990457567824472,4.484708786010742,6.490081787109375,0.9506655847302523,2.817110300064087,9.123109817504883,0.8923663711030878,1.7631393671035767,10.56903076171875,0.9716831403916425,4.030303001403809,6.457589149475098,0.9994457865495318,4.549631595611572,-71.36917114257812,-13.218809127807617,0.46666666865348816,-7.159292697906494
000818,distant_battle,-0.8158532118445248,0.08914944529533386,0.7853797867055933,1.051644206047058,13.458155632019043,0.9327223586118566,1.762834072113037,26.636104583740234,0.9935677632744367,3.677781820297241,-29.864213943481445,0.6706071163600246,1.0416419506072998,7.536496162414551,0.9464428994315339,1.812025785446167,30.015472412109375,0.9986389475160283,4.481591701507568,9.693523406982422,0.9714278042353445,2.8735735416412354,13.075082778930664,0.9309350169595947,1.7602283954620361,24.954505920410156,0.9962019917847056,4.594484806060791,10.227202415466309,0.9997396472301834,4.602355480194092,-45.63863754272461,-12.464375495910645,0.08399999886751175,-6.085660934448242
000823,convoy_idle,10.598273373633681,4.846979141235352,0.9031419984252969,1.2299054861068726,16.502262115478516,0.9387562353409377,2.4364240169525146,26.3674259185791,0.9984839316226463,4.3697428703308105,-29.350664138793945,0.6595187390854272,1.046151041984558,7.769082069396973,0.9688327682813723,2.8802244663238525,26.730587005615234,0.9997192070210782,4.578182220458984,7.8948822021484375,0.9435658557751557,2.953132152557373,16.345783233642578,0.9388603015260818,2.4360032081604004,31.468372344970703,0.999303205593777,4.4892377853393555,7.969604015350342,0.9994148228531113,4.590692520141602,-55.49066162109375,-14.695085525512695,0.45533332228660583,-1.3841817378997803
000828,armour_moving,8.51180893982329,-6.116197109222412,0.6420178987728363,1.029981017112732,10.579360961914062,0.8883327635142525,1.5067270994186401,21.126441955566406,0.9893979081427083,3.160895586013794,-30.505598068237305,0.7239771823073028,1.058917760848999,4.403491497039795,0.9143949897319651,1.3620043992996216,26.059062957763672,0.9984184991796884,4.3878302574157715,8.494117736816406,0.9832875680002008,3.2691471576690674,4.969125747680664,0.8500836757653166,1.4155505895614624,8.777913093566895,0.9692703680440511,4.059554100036621,8.59512996673584,0.9994289249040654,4.525078296661377,-39.78084182739258,-10.322141647338867,0.31066668033599854,-9.022189140319824
000834,armour_moving,-7.411324961282941,-8.284501075744629,0.5282456429612218,1.0224261283874512,8.914464950561523,0.826274573418837,1.2604153156280518,20.93985366821289,0.978702391875575,2.871182680130005,-31.555519104003906,0.6613389436165589,1.0342154502868652,1.9954209327697754,0.8778056544828827,1.2104730606079102,25.035194396972656,0.9973289430588383,4.495761871337891,8.156930923461914,0.96533911985539,2.6650454998016357,7.537332057952881,0.8173971520610732,1.23313307762146,14.828067779541016,0.9807870128427117,3.744971513748169,8.22095012664795,0.9993954643382333,4.594594478607178,-41.71106719970703,-8.729738235473633,0.03866666555404663,-8.693490982055664
000839,urban_patrol,13.030374125306999,3.6920433044433594,0.8867615262623078,1.174743890762329,17.73377799987793,0.9573564991800441,2.5917153358459473,32.63306427001953,0.9984435256805563,4.314528942108154,-33.9587287902832,0.7225481433079236,1.0764591693878174,8.555506706237793,0.9760093703159791,2.745210886001587,36.536376953125,0.9995884049728343,4.552959442138672,9.124813079833984,0.9616207399663421,3.2602896690368652,17.73615264892578,0.9573371268140812,2.589984178543091,37.81250762939453,0.9999213386614069,4.606092929840088,9.108506202697754,0.9994833448490995,4.601120471954346,-49.41069030761719,-15.108328819274902,0.3606666624546051,-0.8655992150306702
000844,urban_patrol,14.722349314913462,7.335518836975098,0.9433808587209268,1.3782715797424316,18.782974243164062,0.9749275573559635,2.5366122722625732,35.034244537353516,0.9990266772562708,4.406085968017578,-47.318878173828125,0.7466642247686491,1.0438050031661987,8.779374122619629,0.9857263536891402,3.101030111312866,36.537689208984375,0.9998497191771868,4.544936180114746,8.854887008666992,0.9790723764329784,2.547741174697876,11.6839599609375,0.9634257003792431,2.5689685344696045,12.889180183410645,0.9855490782253953,4.445102214813232,8.963483810424805,0.9993336403913429,4.567429065704346,-61.7647590637207,-16.18646240234375,0.281333327293396,-6.136855125427246
000850,drone_overhead,12.943949910076732,-2.771087169647217,0.6569012704390408,1.1161390542984009,11.669806480407715,0.8766062456571818,1.6278616189956665,26.621967315673828,0.9901175456768931,3.8185620307922363,-32.92959213256836,0.6670697666858774,1.072645664215088,7.952198505401611,0.9271680971810253,1.980471134185791,30.946125030517578,0.9986511551756375,4.587357044219971,11.2839937210083,0.9613379767801451,3.1714394092559814,5.376539707183838,0.8478561388190049,1.5254862308502197,9.722427368164062,0.980615170975504,4.366913318634033,11.740909576416016,0.9993878640186671,4.594883918762207,-41.62380599975586,-11.225308418273926,0.20000000298023224,-7.893740653991699
000855,field_quiet,13.466050648431342,0.7984339594841003,0.7689211467084034,1.1405510902404785,14.409213066101074,0.8931555453623828,1.8329005241394043,30.772594451904297,0.9974073668507771,4.2593464851379395,-27.747087478637695,0.7086518478393371,1.0602493286132812,7.05136251449585,0.9612419350121311,2.168391227722168,32.777774810791016,0.9993476832510076,4.504732131958008,8.248632431030273,0.9677597966939784,2.9900572299957275,9.075128555297852,0.8627546911505408,1.732917308807373,11.653610229492188,0.9720412451845075,4.396341800689697,8.0933837890625,0.9995793131674789,4.584437370300293,-47.33612060546875,-14.078154563903809,0.29733332991600037,-8.639677047729492
000861,convoy_idle,10.095525305327982,-6.091931343078613,0.6237370302597303,1.1314077377319336,11.84562873840332,0.8255517770016862,1.240254521369934,24.706392288208008,0.9797246027201167,3.3317408561706543,-34.11253356933594,0.6783762436202689,1.038321614265442,5.853720664978027,0.8950596362346117,1.443011999130249,26.79049301147461,0.9984178656982643,4.473560333251953,7.42572021484375,0.9216440205667427,2.565002202987671,6.8078508377075195,0.8051352224640683,1.1938341856002808,9.853273391723633,0.9642970226474012,3.8212883472442627,7.913630485534668,0.999001424949196,4.561248302459717,-53.01387405395508,-11.361922264099121,0.4740000069141388,-8.996993064880371
000866,field_quiet,14.975921931594414,6.6121368408203125,0.9170404257684908,1.3941802978515625,17.76045799255371,0.9554417415888944,2.438154697418213,33.38884353637695,0.9949565359822881,4.136017799377441,-47.437862396240234,0.6719067318861057,1.0411303043365479,8.363896369934082,0.9667831732938189,2.670844793319702,34.89996337890625,0.9998586753153637,4.572091579437256,8.522010803222656,0.9676195363237934,3.0887768268585205,10.367361068725586,0.9188271215403255,2.4729130268096924,10.949481964111328,0.9573772047950375,4.068032264709473,8.461054801940918,0.9993501340984922,4.589809894561768,-47.27357864379883,-15.798141479492188,0.4333333373069763,-7.856925010681152
000871,engine_room,1.4495670876720101,-5.565503120422363,0.6023299839882894,1.2417939901351929,11.743215560913086,0.855817757725342,1.5744824409484863,20.98209571838379,0.9804253849043253,3.2895448207855225,-32.84609603881836,0.6997596475361735,1.0513920783996582,4.050163745880127,0.9069543556393077,1.4302817583084106,21.969167709350586,0.9970270510916908,4.410212993621826,5.535131454467773,0.9442866863627826,2.911449909210205,9.56468677520752,0.8383212477043507,1.5697534084320068,12.632231712341309,0.9650367285281075,3.7330832481384277,5.875802993774414,0.9989403671892421,4.565532684326172,-59.33905792236328,-11.506414413452148,0.4273333251476288,-8.170701026916504
000877,artillery,-0.48739571408656346,-3.2725629806518555,0.6710077616457489,1.1162316799163818,9.7117280960083,0.884084524374082,1.5489647388458252,20.435182571411133,0.9911073892980193,3.648660182952881,-39.922725677490234,0.7469310903260231,1.0486657619476318,3.9252493381500244,0.9426201081940202,1.4890270233154297,23.79758644104004,0.9978849513060629,4.480808258056641,7.644629955291748,0.9749340890108465,3.3332149982452393,7.559713840484619,0.8787512757385146,1.5186738967895508,11.78776741027832,0.9767642201211352,4.114410877227783,7.451704978942871,0.9995854965858646,4.57769250869751,-43.336952209472656,-9.831491470336914,0.02133333310484886,-8.046935081481934
000882,distant_battle,-4.081681702851417,-3.142402172088623,0.6901438948258423,1.0336971282958984,11.778621673583984,0.8711966800930249,1.433289885520935,26.39499282836914,0.983047914929719,3.527127981185913,-35.50814437866211,0.6869408824495001,1.0643922090530396,6.424520492553711,0.9254088715025376,1.6409380435943604,31.541149139404297,0.9983992019176045,4.541717052459717,8.478872299194336,0.9545016186620753,2.275053024291992,11.07542610168457,0.8586501196679132,1.411479115486145,21.528928756713867,0.9924481700317921,4.320158004760742,8.644271850585938,0.9995451353550531,4.599477767944336,-44.78466033935547,-11.493049621582031,0.15399999916553497,-4.8151679039001465
000888,convoy_idle,1.435900042319922,-4.037479400634766,0.7172246253132726,1.0269384384155273,14.333137512207031,0.9038916119110862,1.6765868663787842,25.297182083129883,0.9819551047857917,3.3269078731536865,-38.23130416870117,0.7136912095815805,1.0446662902832031,5.7535858154296875,0.9036404701649148,1.501601219177246,29.734403610229492,0.9981509355405758,4.475456714630127,8.80630111694336,0.9702550678072425,3.2195756435394287,11.210668563842773,0.8847579543125659,1.6308090686798096,13.74636173248291,0.973240325978568,3.9827229976654053,9.052757263183594,0.9994065012832687,4.56992244720459,-53.230133056640625,-13.755147933959961,0.3700000047683716,-7.671128273010254
000893,artillery,10.288968477831872,-1.7087370157241821,0.7146654666301837,1.0600415468215942,11.614590644836426,0.8924371218751292,1.4904478788375854,27.073009490966797,0.9980749409886513,3.7412166595458984,-25.139259338378906,0.7062168959673643,1.0384509563446045,6.033761978149414,0.9643413262696306,1.801808476448059,30.423595428466797,0.9989706872195997,4.521919250488281,7.351323127746582,0.9777018482349796,2.65285325050354,8.476540565490723,0.8761495501304795,1.4071528911590576,10.71426010131836,0.9748322288480683,4.031195163726807,7.242147445678711,0.999762250505355,4.559072971343994,-31.715517044067383,-11.139930725097656,0.515999972820282,-8.951920509338379
000898,rain_ambush,6.31819703824894,1.1668624877929688,0.7795460545472376,1.0591498613357544,15.363899230957031,0.9375496852692214,1.860347032546997,30.4679012298584,0.9979031892858904,4.0753374099731445,-36.07030487060547,0.6969818360387848,1.0569297075271606,7.888998031616211,0.9638617159425663,2.323021411895752,35.14550018310547,0.9995391821452341,4.532329559326172,9.246715545654297,0.9799891436538024,3.0025641918182373,13.93940544128418,0.9328822657537533,1.8499675989151,20.428831100463867,0.996376366026013,4.32964563369751,9.319212913513184,0.9996628850054765,4.582479476928711,-40.11924362182617,-14.077592849731445,0.1886666715145111,-4.629909515380859
000904,urban_patrol,8.647949137229382,2.633765935897827,0.8565600871594726,1.1564548015594482,16.423105239868164,0.941628921395569,1.903342843055725,33.516136169433594,0.998629501564134,4.290097713470459,-23.26552391052246,0.7239646863175381,1.0486445426940918,6.772027492523193,0.9725257797993315,2.1197149753570557,35.4186897277832,0.9994255417901332,4.556161403656006,7.411162376403809,0.9605894438509572,2.2475428581237793,16.417455673217773,0.941792075596689,1.901186227798462,62.61526107788086,0.9999987507778483,4.637840747833252,7.665555477142334,0.9996927736353135,4.579701900482178,-45.91534423828125,-14.734954833984375,0.08866667002439499,-0.2953941226005554
000909,urban_patrol,0.6366018713254249,-2.5208864212036133,0.7296853748608018,1.0433459281921387,10.942975044250488,0.882219541138109,1.4782739877700806,25.674192428588867,0.9917954249267551,3.625154733657837,-33.16745376586914,0.6552933469325389,1.0731086730957031,5.865396976470947,0.9128816798783219,1.7166637182235718,29.051288604736328,0.9980973710817048,4.136688709259033,8.368929862976074,0.9657035226045664,3.124638319015503,8.623106956481934,0.8598045004369556,1.421683430671692,12.33081340789795,0.9744384143834773,4.097749710083008,8.281606674194336,0.9993556169207917,4.576024532318115,-32.13755798339844,-10.660161018371582,0.273333340883255,-8.95572566986084
000914,rain_ambush,-2.9040879548650267,-7.003293037414551,0.6247990587851255,1.027550220489502,11.12545394897461,0.9000368157533779,1.5133635997772217,21.717174530029297,0.9843369145132387,3.0014805793762207,-30.756996154785156,0.6690228678028989,1.0449575185775757,4.0911545753479,0.9083820306700109,1.3186861276626587,26.948862075805664,0.9969690305056366,4.435732364654541,8.925064086914062,0.9831744025798228,3.3469760417938232,10.283503532409668,0.8966503758079092,1.4899357557296753,15.943564414978027,0.9864334723521224,3.853085517883301,8.945597648620605,0.9996200714317719,4.586277484893799,-45.89544677734375,-11.157990455627441,0.5099999904632568,-6.600676536560059
000920,firefight,-6.011298178343722,-7.819920539855957,0.5296892596473023,1.0378434658050537,9.956914901733398,0.8383164595588961,1.3691633939743042,21.182043075561523,0.9756906118423431,3.1005136966705322,-32.49238204956055,0.6735958451686234,1.059376835823059,3.6208577156066895,0.866217954618939,1.3492295742034912,26.179750442504883,0.997322979864275,4.476872444152832,9.536767959594727,0.9571220373250101,2.620879888534546,8.76356315612793,0.8218853945394792,1.368881106376648,15.937196731567383,0.9787473600202544,3.971442937850952,9.8131685256958,0.9995052773973766,4.593540191650391,-38.0753288269043,-10.062065124511719,0.20666666328907013,-8.770706176757812
000925,armour_moving,10.643312164239518,-0.6965320706367493,0.8109060128148289,1.0691249370574951,14.652938842773438,0.9378791060872778,1.6887829303741455,29.069866180419922,0.9977506406916494,3.9639720916748047,-36.73036193847656,0.7135642387679533,1.0573649406433105,7.390709400177002,0.9659000194284422,2.05755877494812,33.116947174072266,0.9991622604529384,4.538734436035156,8.479955673217773,0.9851657101297734,3.5072519779205322,9.045480728149414,0.9114362857859764,1.6281330585479736,10.7719144821167,0.9765026563361888,3.6903059482574463,8.516719818115234,0.999764912063646,4.516427516937256,-36.04920196533203,-13.074755668640137,0.41066667437553406,-7.396740913391113
000931,distant_battle,-4.920524344059352,-6.427003860473633,0.5145408389029098,1.02144455909729,7.157619476318359,0.6560280483837797,1.1951823234558105,24.740278244018555,0.9662266694443098,3.115717649459839,-42.22486114501953,0.6909796767791188,1.0590811967849731,6.04732608795166,0.8273671543495799,1.3699944019317627,26.37668228149414,0.9964686163026184,4.480535507202148,10.76417350769043,0.9107189215468715,2.69305682182312,7.028045654296875,0.647540617295743,1.1907168626785278,23.025312423706055,0.98805553075563,4.185523509979248,11.42021369934082,0.999101296675581,4.603662014007568,-20.087284088134766,-7.945222854614258,0.3733333349227905,-5.187060356140137
000936,armour_moving,3.784651157589204,-3.87900447845459,0.6617546146619264,1.0315669775009155,13.112191200256348,0.8644425700702375,1.4744179248809814,24.01205062866211,0.982834822352826,3.134584426879883,-46.042449951171875,0.7122787533854158,1.0614879131317139,5.082485675811768,0.9015695958765471,1.3276219367980957,27.3673095703125,0.9983755539504467,4.46145486831665,7.918074607849121,0.9328517669919384,2.549834728240967,9.467381477355957,0.8507341233419558,1.4543373584747314,11.764520645141602,0.980043485921922,3.9186339378356934,8.045649528503418,0.9992935713971975,4.579614162445068,-31.810894012451172,-12.99319076538086,0.47200000286102295,-6.948000907897949
000941,firefight,-7.564497064263124,-11.639761924743652,0.5083664863557488,1.0262283086776733,7.403474807739258,0.7962263461645153,1.202258825302124,20.50368881225586,0.9853917601409132,2.8987059593200684,-46.17258071899414,0.7469216868701072,1.0536993741989136,1.8890354633331299,0.8680381501650309,1.3105876445770264,24.83627700805664,0.996821744916068,4.424672603607178,9.097145080566406,0.9639188881662644,2.880340099334717,6.52222204208374,0.7814888995715553,1.202693223953247,16.34300994873047,0.9881575761914665,3.9649484157562256,8.91361141204834,0.999323833166915,4.598808765411377,-50.523948669433594,-7.826254844665527,0.47999998927116394,-9.053973197937012
000947,drone_overhead,0.9451714056004636,-8.049775123596191,0.6729823366403794,1.0595126152038574,2.0690698623657227,0.7909169662055063,1.157529592514038,18.59840965270996,0.9925768004799024,3.492586612701416,-27.84013557434082,0.7487361545865662,1.0974817276000977,4.045212268829346,0.9267105196508668,1.6464104652404785,19.1823673248291,0.9972355418130807,4.472850799560547,5.561716079711914,0.9626140242138743,3.163865566253662,2.1038315296173096,0.7954731817330308,1.1534779071807861,11.46985149383545,0.9620266890718673,3.8247179985046387,5.905272483825684,0.9992999911713701,4.570882797241211,-12.69217586517334,-4.718813419342041,0.5413333177566528,-9.002738952636719
000952,artillery,10.263311562213818,7.111981391906738,0.9004358558265916,1.2061269283294678,16.707576751708984,0.9628374138209052,2.1088674068450928,32.770904541015625,0.9990536382886668,4.166440486907959,-29.200918197631836,0.6701548176601737,1.041849136352539,9.67297649383545,0.9748091823858891,2.3199169635772705,37.38593673706055,0.9997245348134409,4.529518127441406,9.8897705078125,0.9782679367529167,2.991297960281372,16.70528221130371,0.9627246049816858,2.1094157695770264,35.454559326171875,0.9999222627499735,4.6371026039123535,10.170282363891602,0.9997304776468156,4.60145378112793,-39.92052459716797,-15.607552528381348,0.05999999865889549,-1.0875786542892456
000957,field_quiet,2.634432064528289,-1.7472851276397705,0.7349593329310805,1.0455015897750854,14.595318794250488,0.9151239119764973,1.9507728815078735,23.524993896484375,0.994269726209382,3.839547872543335,-27.668907165527344,0.6740338414467484,1.0451852083206177,6.097154140472412,0.9270377972419958,1.6816937923431396,24.293289184570312,0.9987720789524474,4.516073226928711,7.07390022277832,0.951388751272119,3.0429189205169678,11.726020812988281,0.8961152352220844,1.7919495105743408,14.321451187133789,0.9674890360057736,3.7995107173919678,7.145359992980957,0.9992602505930256,4.568481922149658,-55.366302490234375,-14.173542022705078,0.4546666741371155,-6.333357810974121
000963,rain_ambush,-7.538277309434921,-9.277239799499512,0.5862716069652177,1.0195173025131226,6.967564105987549,0.8461665374645041,1.2631304264068604,21.64532470703125,0.9824084332554005,3.181838274002075,-34.625343322753906,0.6766267793100077,1.0458611249923706,3.9083101749420166,0.8838454018825488,1.3945493698120117,26.159076690673828,0.9978720209376651,4.46366024017334,9.170668601989746,0.9537201595836837,2.824716806411743,6.95662260055542,0.8427325474646367,1.2563804388046265,26.182878494262695,0.9979677430372931,4.318352699279785,9.327005386352539,0.9994845894091859,4.601593494415283,-63.10328674316406,-7.658492088317871,0.4466666579246521,-9.019859313964844
000968,firefight,-6.143094645921071,-5.897462844848633,0.5930100168124268,1.0654661655426025,11.29158878326416,0.8780338895476203,1.4338374137878418,22.958251953125,0.9811202694996068,3.040464162826538,-31.244361877441406,0.6720033176527824,1.033891201019287,4.061129570007324,0.9038535393092861,1.3054358959197998,27.98154067993164,0.9974428722316173,4.522197723388672,8.240619659423828,0.9675386187711946,2.6759190559387207,8.607757568359375,0.8624485243574578,1.391218662261963,13.312344551086426,0.9820899681493279,3.872156858444214,8.216192245483398,0.9993670111718395,4.5834574699401855,-43.67890930175781,-10.870811462402344,0.026000000536441803,-8.979474067687988
000974,drone_overhead,10.079776965396938,-1.4163202047348022,0.8271304996884162,1.1027288436889648,15.868383407592773,0.9353093363987228,2.077383518218994,28.111684799194336,0.9950624939178115,3.8224713802337646,-70.17536926269531,0.6873058845388476,1.0520282983779907,7.006802558898926,0.9481521809790332,1.9498261213302612,31.131317138671875,0.9977676985213635,4.396963119506836,7.889565944671631,0.9536772436535813,2.7096447944641113,15.264416694641113,0.9326474286283865,2.079197406768799,23.90947151184082,0.9979042611309604,4.534275531768799,7.890037536621094,0.9995466699265917,4.583820819854736,-67.21166229248047,-14.726353645324707,0.47466665506362915,-8.431672096252441
000979,jet_flyover,9.694708230894054,-5.116315841674805,0.6345721489590603,1.036635398864746,10.997420310974121,0.8668951183664603,1.347885251045227,24.276836395263672,0.9867966593263001,3.378711223602295,-27.98479461669922,0.7146839619914671,1.0482103824615479,5.003526210784912,0.9021436946311912,1.472501277923584,27.754182815551758,0.9987268862340221,4.553221702575684,9.230714797973633,0.9496709203834475,2.4884161949157715,6.80370569229126,0.8443586290552052,1.2925026416778564,11.186747550964355,0.9820843759723054,4.047663688659668,9.677936553955078,0.9990532359209845,4.598206043243408,-66.6452865600586,-10.789031028747559,0.03333333507180214,-8.833763122558594
000984,armour_moving,1.2213593752687384,-3.9854252338409424,0.6572533802076512,1.093665361404419,9.066688537597656,0.798473901484989,1.3627359867095947,23.122549057006836,0.9762478839680491,3.142500162124634,-44.646724700927734,0.6792188057551726,1.063677191734314,6.167428493499756,0.894401009774043,1.458014726638794,27.752620697021484,0.9969966935371612,4.524316310882568,10.893172264099121,0.9704506840885135,3.2706754207611084,8.19589614868164,0.7844852398940901,1.3613568544387817,12.160948753356934,0.9732843431851894,4.057933807373047,11.17275619506836,0.9994406949366061,4.587823867797852,-27.723888397216797,-9.303248405456543,0.19599999487400055,-7.706765174865723
000990,rain_ambush,-6.321875799907183,-11.188684463500977,0.47121039773490503,4.2066569328308105,1.4764697551727295,0.6626320840163571,1.0977058410644531,18.45299530029297,0.9489499910744796,2.6056416034698486,-28.321035385131836,0.671740479414851,1.0359926223754883,0.9740951061248779,0.808191185625069,1.1721017360687256,22.507593154907227,0.9864027517599009,4.326219081878662,9.309578895568848,0.9515568993085014,2.9254841804504395,1.5742367506027222,0.6570027625359336,1.0874558687210083,23.009164810180664,0.9838357399354354,4.2050700187683105,8.970943450927734,0.9990405640069732,4.59693717956543,-15.350044250488281,-4.077239513397217,0.4606666564941406,-7.857583999633789
000995,helo_lz,5.83029886063307,-8.092083930969238,0.6001457401305438,1.0302555561065674,6.13046407699585,0.6604004309430406,1.0892157554626465,20.747392654418945,0.9761175588207822,3.126906156539917,-49.281272888183594,0.6742002765891577,1.0401209592819214,3.0762133598327637,0.8796767770853552,1.382244348526001,22.6072998046875,0.9981924795692412,4.40205192565918,7.1779632568359375,0.9382539636718067,2.5937891006469727,4.093645095825195,0.6378276676887032,1.0811711549758911,12.060259819030762,0.9719117143310958,4.05411434173584,7.821378231048584,0.9991186057074215,4.522695064544678,-25.628681182861328,-6.960931777954102,0.47333332896232605,-9.045492172241211
001001,firefight,3.6076098572496473,-0.6611182689666748,0.8273545217034158,1.1182646751403809,15.837679862976074,0.9323766728716969,1.8043239116668701,29.866334915161133,0.9941538403431701,3.961359739303589,-32.99613571166992,0.7288219489821611,1.0633167028427124,7.346036434173584,0.9535555000151076,2.230665445327759,32.17041778564453,0.9992026920278418,4.532954216003418,8.480094909667969,0.9477171120725444,2.235175371170044,9.097201347351074,0.9072196923640208,1.7764124870300293,10.511832237243652,0.9734218634887036,4.169532775878906,8.603866577148438,0.9994152230843383,4.597973346710205,-48.62843322753906,-13.810174942016602,0.025333333760499954,-9.029972076416016
001006,engine_room,-6.605112779137348,-11.469450950622559,0.45395397953009575,1.0270956754684448,6.765444755554199,0.7291253016608513,1.1736719608306885,17.868724822998047,0.9361321714048033,2.5921337604522705,-44.54899597167969,0.6375274752690411,1.063602089881897,2.2137224674224854,0.8174121663428513,1.2754356861114502,20.77710723876953,0.9948432380692074,4.342649936676025,6.646666049957275,0.9103355143068772,2.284122943878174,6.758724212646484,0.7256828432892819,1.1658565998077393,29.617267608642578,0.9924166697070222,4.272152900695801,7.3462748527526855,0.9982964256989122,4.575289249420166,-38.276390075683594,-7.185694694519043,0.5339999794960022,-9.016009330749512
001011,artillery,-5.4241271608113895,-6.032493591308594,0.5938617553492482,1.033258080482483,7.447608947753906,0.822133777773056,1.2269099950790405,23.03322982788086,0.9945646502859097,3.5260753631591797,-43.28300094604492,0.724241499090271,1.0514867305755615,3.398594856262207,0.9200545763335882,1.3303706645965576,28.12981605529785,0.9989074933332894,4.5487823486328125,8.014006614685059,0.9565462007533428,2.72314453125,7.447151184082031,0.8221197402821382,1.2268909215927124,66.38548278808594,0.9999998151829186,4.643509387969971,8.178140640258789,0.9995538455312142,4.583658218383789,-34.36281967163086,-7.8595476150512695,0.03533333167433739,-0.13201692700386047
001017,urban_patrol,-7.866666750218124,-8.669404983520508,0.5420736400438435,1.0265218019485474,7.125691890716553,0.7896765901583978,1.2047865390777588,20.972042083740234,0.9745766786227017,3.037006378173828,-34.59849548339844,0.6840949085170756,1.0450005531311035,3.067626953125,0.8766923791355047,1.3098708391189575,25.537240982055664,0.9977897775491834,4.507889747619629,10.239969253540039,0.9531410824680829,2.8408029079437256,6.20612096786499,0.7804831580590067,1.1854678392410278,16.008211135864258,0.9843968787373422,3.934385061264038,10.58322525024414,0.9991116994510185,4.589549541473389,-39.10208511352539,-7.405030727386475,0.0533333346247673,-8.622228622436523
001022,urban_patrol,-4.8339482840245385,-7.558886528015137,0.5616310562742199,1.0215754508972168,10.442451477050781,0.846514636542382,1.3792016506195068,22.564815521240234,0.9810657367758374,3.092043161392212,-33.2547492980957,0.7160207618857326,1.0468120574951172,4.894802570343018,0.8875637630546929,1.3899049758911133,26.849811553955078,0.9975409357746674,4.421341896057129,8.929351806640625,0.9689232340392872,3.261308431625366,8.290586471557617,0.8170048921735731,1.3196848630905151,13.677326202392578,0.9700088477972569,3.665327310562134,9.23549747467041,0.9991168383607185,4.587701797485352,-37.54966735839844,-9.799452781677246,0.37066665291786194,-8.871082305908203
001027,armour_moving,-6.29158594136044,-11.785457611083984,0.45220267046233154,1.021257758140564,6.6125383377075195,0.6816187256957643,1.122654676437378,21.309417724609375,0.9832757421183036,2.9073843955993652,-31.41495132446289,0.7054804508336707,1.0423460006713867,1.533860445022583,0.8857063174367746,1.1880499124526978,26.00609588623047,0.9982379940686626,4.496431827545166,8.115608215332031,0.9609343190442442,2.627835273742676,7.11286735534668,0.6839544181905276,1.1321059465408325,18.240894317626953,0.9860654013999471,3.8746345043182373,8.101238250732422,0.9996261774808484,4.5799055099487305,-30.818777084350586,-7.042860984802246,0.5199999809265137,-9.023067474365234
001033,distant_battle,13.981370004229657,2.93087100982666,0.7795008169805441,1.091199278831482,16.43832778930664,0.9348283652362093,2.2023162841796875,30.825634002685547,0.9935326555521754,3.879152536392212,-24.958467483520508,0.7206719434238386,1.0689220428466797,9.077178955078125,0.9388811188901043,2.215818166732788,35.695556640625,0.999181860337241,4.536139488220215,10.20468521118164,0.966942943700794,3.2195041179656982,15.498334884643555,0.9294246414049819,2.139289140701294,25.275423049926758,0.9975606568534281,4.614316463470459,10.484041213989258,0.9996582850888612,4.620621681213379,-54.395423889160156,-14.765080451965332,0.3946666717529297,-5.168509006500244
001038,artillery,5.827491300044365,-6.495873928070068,0.6651531523912518,1.0563708543777466,9.323636054992676,0.8612359294570102,1.2593306303024292,24.027145385742188,0.9965677802590143,3.629793882369995,-23.65911293029785,0.7237843616327893,1.0483685731887817,3.375495433807373,0.9416083977203007,1.4536548852920532,28.80618667602539,0.9987739337280778,4.482970714569092,7.312841892242432,0.9579605977663823,2.165634870529175,9.18087100982666,0.8600165650935268,1.2580114603042603,29.119216918945312,0.9995245551717888,4.475104808807373,7.622366428375244,0.9996923176079267,4.5792927742004395,-31.85573959350586,-9.267842292785645,0.09466666728258133,-2.535574197769165
001044,jet_flyover,1.457394265511292,-4.426969528198242,0.6692157286518493,1.032601237297058,13.12024974822998,0.8800820567406952,1.6301743984222412,24.498077392578125,0.969367532165021,3.245917320251465,-38.37409591674805,0.6398619637042569,1.0360914468765259,6.1281280517578125,0.8841097749817823,1.4435315132141113,27.8844051361084,0.9946315520197067,4.485109806060791,8.788671493530273,0.9535336775320444,3.024202346801758,10.402584075927734,0.849151790774427,1.6099684238433838,13.671772003173828,0.940414456682929,3.769684314727783,8.765049934387207,0.9993281088533729,4.583061695098877,-61.9221305847168,-12.28040599822998,0.48399999737739563,-8.325887680053711
001049,armour_moving,-2.835280798435919,-9.400668144226074,0.5380326253176798,1.0246140956878662,8.677837371826172,0.813760577297452,1.374686360359192,21.452377319335938,0.9724623485393727,3.1963107585906982,-52.69443130493164,0.6887501071822366,1.053175449371338,3.6815783977508545,0.8411118874380937,1.4063286781311035,25.298433303833008,0.9965215296972693,4.507833003997803,8.994132995605469,0.9311278483137184,2.970215082168579,8.218693733215332,0.7976867265628299,1.3397157192230225,16.17856788635254,0.9789778159142803,3.9356236457824707,9.64372444152832,0.9990538997856362,4.598636627197266,-56.80698776245117,-8.989649772644043,0.47333332896232605,-8.176782608032227
001054,engine_room,4.453325432605913,1.4117931127548218,0.7539948422149524,1.041265606880188,14.927824020385742,0.9253896648475148,1.8913111686706543,28.410703659057617,0.9912896667709803,3.711320161819458,-31.34525489807129,0.6744527551109059,1.0570988655090332,7.672991752624512,0.9360142370578167,1.8083133697509766,33.655029296875,0.9988876585991623,4.52445650100708,9.364837646484375,0.9690369303552876,2.9596967697143555,13.223899841308594,0.924284266876548,1.8955514430999756,17.42043113708496,0.9978468947210126,4.501377582550049,9.400390625,0.99965325206925,4.593064785003662,-50.83900451660156,-13.291994094848633,0.20133332908153534,-4.176206588745117
001060,helo_lz,8.514088645578035,1.8888728618621826,0.7870851523039785,1.0547491312026978,14.047296524047852,0.9152699684518268,1.865187168121338,25.97930145263672,0.9883151991561272,4.047936916351318,-40.78504180908203,0.7080484593034514,1.0482593774795532,7.287407875061035,0.9350184352756674,2.02179217338562,26.96023178100586,0.9992161661349297,4.528842926025391,7.197736740112305,0.9421101724553794,2.809811592102051,11.22283935546875,0.9051788052002934,1.8648993968963623,14.576239585876465,0.9885031479614619,4.323567867279053,7.922845840454102,0.9990945359541266,4.579465389251709,-50.452674865722656,-13.508262634277344,0.5120000243186951,-4.837714195251465
001065,armour_moving,-7.439450373044575,-11.059981346130371,0.5011140959525114,1.0566614866256714,7.741544246673584,0.7374733389173928,1.2127522230148315,18.747852325439453,0.9541114852984734,2.741262674331665,-48.38774108886719,0.6941351192745198,1.0581109523773193,3.326530694961548,0.8337949585923768,1.2763737440109253,23.688396453857422,0.99580349447314,4.479514122009277,10.981329917907715,0.9412309358456271,3.0544519424438477,7.650297164916992,0.7375452471080115,1.2041618824005127,20.792455673217773,0.9874660275962643,3.950289726257324,11.207207679748535,0.9990502341946738,4.602436065673828,-51.11141586303711,-8.11306381225586,0.3720000088214874,-9.03723430633545
001071,helo_lz,5.732748565374502,0.8482003808021545,0.8048241412757797,1.0696747303009033,14.483470916748047,0.9273715327426539,1.78191077709198,28.056903839111328,0.9941266382902738,3.725804567337036,-33.366085052490234,0.7264748789139215,1.0436956882476807,7.153349876403809,0.939085179833611,1.8439037799835205,32.30984115600586,0.9980654856036074,4.499444007873535,8.343214988708496,0.9704234466012718,2.877429485321045,11.98924446105957,0.9153480387777024,1.7449958324432373,15.170024871826172,0.9863274290119688,4.212264537811279,8.162895202636719,0.9995415875548346,4.58083438873291,-71.43476104736328,-13.579596519470215,0.49533334374427795,-6.981262683868408
